2026-09-06T20:21:22.173561271Z [inf]  
2026-09-06T20:21:22.173565651Z [inf]    .   ____          _            __ _ _
2026-09-06T20:21:22.173569021Z [inf]   /\\ / ___'_ __ _ _(_)_ __  __ _ \ \ \ \
2026-09-06T20:21:22.173571601Z [inf]  ( ( )\___ | '_ | '_| | '_ \/ _` | \ \ \ \
2026-09-06T20:21:22.173574041Z [inf]   \\/  ___)| |_)| | | | | || (_| |  ) ) ) )
2026-09-06T20:21:22.173576701Z [inf]    '  |____| .__|_| |_|_| |_\__, | / / / /
2026-09-06T20:21:22.173595901Z [inf]   =========|_|==============|___/=/_/_/_/
2026-09-06T20:21:22.173598331Z [inf]  
2026-09-06T20:21:22.173600831Z [inf]   :: Spring Boot ::                (v3.5.3)
2026-09-06T20:21:22.173603651Z [inf]  
2026-09-06T20:21:22.250393472Z [inf]  2026-09-06T20:21:22.216Z  INFO 1 --- [bookly-backend] [           main] com.bookly.BooklyBackendApplication      : Starting BooklyBackendApplication v0.0.1-SNAPSHOT using Java 21.0.12 with PID 1 (/app/app.jar started by bookly in /app)
2026-09-06T20:21:22.250397222Z [inf]  2026-09-06T20:21:22.218Z  INFO 1 --- [bookly-backend] [           main] com.bookly.BooklyBackendApplication      : No active profile set, falling back to 1 default profile: "default"
2026-09-06T20:21:22.424945868Z [inf]  Starting Container
2026-09-06T20:21:23.452955631Z [inf]  2026-09-06T20:21:23.424Z  INFO 1 --- [bookly-backend] [           main] .s.d.r.c.RepositoryConfigurationDelegate : Multiple Spring Data modules found, entering strict repository configuration mode
2026-09-06T20:21:23.452959211Z [inf]  2026-09-06T20:21:23.426Z  INFO 1 --- [bookly-backend] [           main] .s.d.r.c.RepositoryConfigurationDelegate : Bootstrapping Spring Data JPA repositories in DEFAULT mode.
2026-09-06T20:21:23.567030159Z [inf]  2026-09-06T20:21:23.553Z  INFO 1 --- [bookly-backend] [           main] .s.d.r.c.RepositoryConfigurationDelegate : Finished Spring Data repository scanning in 119 ms. Found 11 JPA repository interfaces.
2026-09-06T20:21:23.567032559Z [inf]  2026-09-06T20:21:23.563Z  INFO 1 --- [bookly-backend] [           main] .s.d.r.c.RepositoryConfigurationDelegate : Multiple Spring Data modules found, entering strict repository configuration mode
2026-09-06T20:21:23.567035099Z [inf]  2026-09-06T20:21:23.564Z  INFO 1 --- [bookly-backend] [           main] .s.d.r.c.RepositoryConfigurationDelegate : Bootstrapping Spring Data Redis repositories in DEFAULT mode.
2026-09-06T20:21:23.576468320Z [inf]  2026-09-06T20:21:23.575Z  INFO 1 --- [bookly-backend] [           main] .RepositoryConfigurationExtensionSupport : Spring Data Redis - Could not safely identify store assignment for repository candidate interface com.bookly.availability.BlockedTimeRepository; If you want this repository to be a Redis repository, consider annotating your entities with one of these annotations: org.springframework.data.redis.core.RedisHash (preferred), or consider extending one of the following types with your repository: org.springframework.data.keyvalue.repository.KeyValueRepository
2026-09-06T20:21:23.576494709Z [inf]  2026-09-06T20:21:23.574Z  INFO 1 --- [bookly-backend] [           main] .RepositoryConfigurationExtensionSupport : Spring Data Redis - Could not safely identify store assignment for repository candidate interface com.bookly.appointment.AppointmentRepository; If you want this repository to be a Redis repository, consider annotating your entities with one of these annotations: org.springframework.data.redis.core.RedisHash (preferred), or consider extending one of the following types with your repository: org.springframework.data.keyvalue.repository.KeyValueRepository
2026-09-06T20:21:23.576502339Z [inf]  2026-09-06T20:21:23.575Z  INFO 1 --- [bookly-backend] [           main] .RepositoryConfigurationExtensionSupport : Spring Data Redis - Could not safely identify store assignment for repository candidate interface com.bookly.appointment.AppointmentStatusChangeRepository; If you want this repository to be a Redis repository, consider annotating your entities with one of these annotations: org.springframework.data.redis.core.RedisHash (preferred), or consider extending one of the following types with your repository: org.springframework.data.keyvalue.repository.KeyValueRepository
2026-09-06T20:21:23.576506449Z [inf]  2026-09-06T20:21:23.575Z  INFO 1 --- [bookly-backend] [           main] .RepositoryConfigurationExtensionSupport : Spring Data Redis - Could not safely identify store assignment for repository candidate interface com.bookly.auth.RefreshTokenRepository; If you want this repository to be a Redis repository, consider annotating your entities with one of these annotations: org.springframework.data.redis.core.RedisHash (preferred), or consider extending one of the following types with your repository: org.springframework.data.keyvalue.repository.KeyValueRepository
2026-09-06T20:21:23.576602750Z [inf]  2026-09-06T20:21:23.575Z  INFO 1 --- [bookly-backend] [           main] .RepositoryConfigurationExtensionSupport : Spring Data Redis - Could not safely identify store assignment for repository candidate interface com.bookly.availability.WorkingHoursRepository; If you want this repository to be a Redis repository, consider annotating your entities with one of these annotations: org.springframework.data.redis.core.RedisHash (preferred), or consider extending one of the following types with your repository: org.springframework.data.keyvalue.repository.KeyValueRepository
2026-09-06T20:21:23.576605670Z [inf]  2026-09-06T20:21:23.575Z  INFO 1 --- [bookly-backend] [           main] .RepositoryConfigurationExtensionSupport : Spring Data Redis - Could not safely identify store assignment for repository candidate interface com.bookly.business.BusinessMemberRepository; If you want this repository to be a Redis repository, consider annotating your entities with one of these annotations: org.springframework.data.redis.core.RedisHash (preferred), or consider extending one of the following types with your repository: org.springframework.data.keyvalue.repository.KeyValueRepository
2026-09-06T20:21:23.576608310Z [inf]  2026-09-06T20:21:23.575Z  INFO 1 --- [bookly-backend] [           main] .RepositoryConfigurationExtensionSupport : Spring Data Redis - Could not safely identify store assignment for repository candidate interface com.bookly.business.BusinessRepository; If you want this repository to be a Redis repository, consider annotating your entities with one of these annotations: org.springframework.data.redis.core.RedisHash (preferred), or consider extending one of the following types with your repository: org.springframework.data.keyvalue.repository.KeyValueRepository
2026-09-06T20:21:23.576611340Z [inf]  2026-09-06T20:21:23.575Z  INFO 1 --- [bookly-backend] [           main] .RepositoryConfigurationExtensionSupport : Spring Data Redis - Could not safely identify store assignment for repository candidate interface com.bookly.customer.CustomerRepository; If you want this repository to be a Redis repository, consider annotating your entities with one of these annotations: org.springframework.data.redis.core.RedisHash (preferred), or consider extending one of the following types with your repository: org.springframework.data.keyvalue.repository.KeyValueRepository
2026-09-06T20:21:23.576779938Z [inf]  2026-09-06T20:21:23.575Z  INFO 1 --- [bookly-backend] [           main] .RepositoryConfigurationExtensionSupport : Spring Data Redis - Could not safely identify store assignment for repository candidate interface com.bookly.employee.EmployeeRepository; If you want this repository to be a Redis repository, consider annotating your entities with one of these annotations: org.springframework.data.redis.core.RedisHash (preferred), or consider extending one of the following types with your repository: org.springframework.data.keyvalue.repository.KeyValueRepository
2026-09-06T20:21:23.576782578Z [inf]  2026-09-06T20:21:23.575Z  INFO 1 --- [bookly-backend] [           main] .RepositoryConfigurationExtensionSupport : Spring Data Redis - Could not safely identify store assignment for repository candidate interface com.bookly.service.ServiceOfferingRepository; If you want this repository to be a Redis repository, consider annotating your entities with one of these annotations: org.springframework.data.redis.core.RedisHash (preferred), or consider extending one of the following types with your repository: org.springframework.data.keyvalue.repository.KeyValueRepository
2026-09-06T20:21:23.576785458Z [inf]  2026-09-06T20:21:23.575Z  INFO 1 --- [bookly-backend] [           main] .RepositoryConfigurationExtensionSupport : Spring Data Redis - Could not safely identify store assignment for repository candidate interface com.bookly.user.UserRepository; If you want this repository to be a Redis repository, consider annotating your entities with one of these annotations: org.springframework.data.redis.core.RedisHash (preferred), or consider extending one of the following types with your repository: org.springframework.data.keyvalue.repository.KeyValueRepository
2026-09-06T20:21:23.576787848Z [inf]  2026-09-06T20:21:23.575Z  INFO 1 --- [bookly-backend] [           main] .s.d.r.c.RepositoryConfigurationDelegate : Finished Spring Data repository scanning in 5 ms. Found 0 Redis repository interfaces.
2026-09-06T20:21:24.016720281Z [inf]  2026-09-06T20:21:24.014Z  INFO 1 --- [bookly-backend] [           main] o.s.b.w.embedded.tomcat.TomcatWebServer  : Tomcat initialized with port 8080 (http)
2026-09-06T20:21:24.025995053Z [inf]  2026-09-06T20:21:24.024Z  INFO 1 --- [bookly-backend] [           main] o.apache.catalina.core.StandardService   : Starting service [Tomcat]
2026-09-06T20:21:24.025999333Z [inf]  2026-09-06T20:21:24.024Z  INFO 1 --- [bookly-backend] [           main] o.apache.catalina.core.StandardEngine    : Starting Servlet engine: [Apache Tomcat/10.1.42]
2026-09-06T20:21:24.049132228Z [inf]  2026-09-06T20:21:24.045Z  INFO 1 --- [bookly-backend] [           main] o.a.c.c.C.[Tomcat].[localhost].[/]       : Initializing Spring embedded WebApplicationContext
2026-09-06T20:21:24.049136578Z [inf]  2026-09-06T20:21:24.046Z  INFO 1 --- [bookly-backend] [           main] w.s.c.ServletWebServerApplicationContext : Root WebApplicationContext: initialization completed in 1789 ms
2026-09-06T20:21:24.142551635Z [inf]  2026-09-06T20:21:24.140Z ERROR 1 --- [bookly-backend] [           main] o.s.b.web.embedded.tomcat.TomcatStarter  : Error starting Tomcat context. Exception: org.springframework.beans.factory.UnsatisfiedDependencyException. Message: Error creating bean with name 'rateLimitFilter' defined in URL [jar:nested:/app/app.jar/!BOOT-INF/classes/!/com/bookly/auth/RateLimitFilter.class]: Unsatisfied dependency expressed through constructor parameter 0: Error creating bean with name 'stringRedisTemplate' defined in class path resource [org/springframework/boot/autoconfigure/data/redis/RedisAutoConfiguration.class]: Unsatisfied dependency expressed through method 'stringRedisTemplate' parameter 0: Error creating bean with name 'org.springframework.boot.autoconfigure.data.redis.LettuceConnectionConfiguration': Unsatisfied dependency expressed through constructor parameter 0: Error creating bean with name 'spring.data.redis-org.springframework.boot.autoconfigure.data.redis.RedisProperties': Could not bind properties to 'RedisProperties' : prefix=spring.data.redis, ignoreInvalidFields=false, ignoreUnknownFields=true
2026-09-06T20:21:24.161983344Z [inf]  2026-09-06T20:21:24.154Z  INFO 1 --- [bookly-backend] [           main] o.apache.catalina.core.StandardService   : Stopping service [Tomcat]
2026-09-06T20:21:24.161989704Z [inf]  2026-09-06T20:21:24.159Z  WARN 1 --- [bookly-backend] [           main] ConfigServletWebServerApplicationContext : Exception encountered during context initialization - cancelling refresh attempt: org.springframework.context.ApplicationContextException: Unable to start web server
2026-09-06T20:21:24.171072157Z [inf]  2026-09-06T20:21:24.169Z  INFO 1 --- [bookly-backend] [           main] .s.b.a.l.ConditionEvaluationReportLogger : 
2026-09-06T20:21:24.171079207Z [inf]  
2026-09-06T20:21:24.171083247Z [inf]  Error starting ApplicationContext. To display the condition evaluation report re-run your application with 'debug' enabled.
2026-09-06T20:21:24.203873602Z [inf]  2026-09-06T20:21:24.183Z ERROR 1 --- [bookly-backend] [           main] o.s.b.d.LoggingFailureAnalysisReporter   : 
2026-09-06T20:21:24.203880263Z [inf]  
2026-09-06T20:21:24.203885073Z [inf]  ***************************
2026-09-06T20:21:24.203889143Z [inf]  APPLICATION FAILED TO START
2026-09-06T20:21:24.203892923Z [inf]  ***************************
2026-09-06T20:21:24.203896403Z [inf]  
2026-09-06T20:21:24.203900293Z [inf]  Description:
2026-09-06T20:21:24.203903273Z [inf]  
2026-09-06T20:21:24.203906493Z [inf]  Failed to bind properties under 'spring.data.redis.port' to int:
2026-09-06T20:21:24.203909803Z [inf]  
2026-09-06T20:21:24.203913083Z [inf]      Property: spring.data.redis.port
2026-09-06T20:21:24.203916013Z [inf]      Value: "${REDIS_PORT:6379}"
2026-09-06T20:21:24.203919883Z [inf]      Origin: class path resource [application.yml] from app.jar - 29:13
2026-09-06T20:21:24.203922783Z [inf]      Reason: failed to convert java.lang.String to int (caused by java.lang.IllegalArgumentException: A null value cannot be assigned to a primitive type)
2026-09-06T20:21:24.203925853Z [inf]  
2026-09-06T20:21:24.203928933Z [inf]  Action:
2026-09-06T20:21:24.203955812Z [inf]  
2026-09-06T20:21:24.203959252Z [inf]  Update your application's configuration
2026-09-06T20:21:24.203962522Z [inf]  
2026-09-06T20:21:25.333748610Z [inf]  
2026-09-06T20:21:25.333753240Z [inf]    .   ____          _            __ _ _
2026-09-06T20:21:25.333755950Z [inf]   /\\ / ___'_ __ _ _(_)_ __  __ _ \ \ \ \
2026-09-06T20:21:25.333758790Z [inf]  ( ( )\___ | '_ | '_| | '_ \/ _` | \ \ \ \
2026-09-06T20:21:25.333761380Z [inf]   \\/  ___)| |_)| | | | | || (_| |  ) ) ) )
2026-09-06T20:21:25.333763820Z [inf]    '  |____| .__|_| |_|_| |_\__, | / / / /
2026-09-06T20:21:25.333765890Z [inf]   =========|_|==============|___/=/_/_/_/
2026-09-06T20:21:25.333768130Z [inf]  
2026-09-06T20:21:25.333771260Z [inf]   :: Spring Boot ::                (v3.5.3)
2026-09-06T20:21:25.333774600Z [inf]  
2026-09-06T20:21:25.392774611Z [inf]  2026-09-06T20:21:25.389Z  INFO 1 --- [bookly-backend] [           main] com.bookly.BooklyBackendApplication      : Starting BooklyBackendApplication v0.0.1-SNAPSHOT using Java 21.0.12 with PID 1 (/app/app.jar started by bookly in /app)
2026-09-06T20:21:25.392780230Z [inf]  2026-09-06T20:21:25.391Z  INFO 1 --- [bookly-backend] [           main] com.bookly.BooklyBackendApplication      : No active profile set, falling back to 1 default profile: "default"
2026-09-06T20:21:26.583931668Z [inf]  2026-09-06T20:21:26.554Z  INFO 1 --- [bookly-backend] [           main] .s.d.r.c.RepositoryConfigurationDelegate : Multiple Spring Data modules found, entering strict repository configuration mode
2026-09-06T20:21:26.583935338Z [inf]  2026-09-06T20:21:26.555Z  INFO 1 --- [bookly-backend] [           main] .s.d.r.c.RepositoryConfigurationDelegate : Bootstrapping Spring Data JPA repositories in DEFAULT mode.
2026-09-06T20:21:26.691438787Z [inf]  2026-09-06T20:21:26.689Z  INFO 1 --- [bookly-backend] [           main] .s.d.r.c.RepositoryConfigurationDelegate : Finished Spring Data repository scanning in 128 ms. Found 11 JPA repository interfaces.
2026-09-06T20:21:26.700952887Z [inf]  2026-09-06T20:21:26.699Z  INFO 1 --- [bookly-backend] [           main] .s.d.r.c.RepositoryConfigurationDelegate : Multiple Spring Data modules found, entering strict repository configuration mode
2026-09-06T20:21:26.700957737Z [inf]  2026-09-06T20:21:26.700Z  INFO 1 --- [bookly-backend] [           main] .s.d.r.c.RepositoryConfigurationDelegate : Bootstrapping Spring Data Redis repositories in DEFAULT mode.
2026-09-06T20:21:26.709892471Z [inf]  2026-09-06T20:21:26.708Z  INFO 1 --- [bookly-backend] [           main] .RepositoryConfigurationExtensionSupport : Spring Data Redis - Could not safely identify store assignment for repository candidate interface com.bookly.appointment.AppointmentRepository; If you want this repository to be a Redis repository, consider annotating your entities with one of these annotations: org.springframework.data.redis.core.RedisHash (preferred), or consider extending one of the following types with your repository: org.springframework.data.keyvalue.repository.KeyValueRepository
2026-09-06T20:21:26.709897681Z [inf]  2026-09-06T20:21:26.708Z  INFO 1 --- [bookly-backend] [           main] .RepositoryConfigurationExtensionSupport : Spring Data Redis - Could not safely identify store assignment for repository candidate interface com.bookly.appointment.AppointmentStatusChangeRepository; If you want this repository to be a Redis repository, consider annotating your entities with one of these annotations: org.springframework.data.redis.core.RedisHash (preferred), or consider extending one of the following types with your repository: org.springframework.data.keyvalue.repository.KeyValueRepository
2026-09-06T20:21:26.709901191Z [inf]  2026-09-06T20:21:26.708Z  INFO 1 --- [bookly-backend] [           main] .RepositoryConfigurationExtensionSupport : Spring Data Redis - Could not safely identify store assignment for repository candidate interface com.bookly.auth.RefreshTokenRepository; If you want this repository to be a Redis repository, consider annotating your entities with one of these annotations: org.springframework.data.redis.core.RedisHash (preferred), or consider extending one of the following types with your repository: org.springframework.data.keyvalue.repository.KeyValueRepository
2026-09-06T20:21:26.709904431Z [inf]  2026-09-06T20:21:26.708Z  INFO 1 --- [bookly-backend] [           main] .RepositoryConfigurationExtensionSupport : Spring Data Redis - Could not safely identify store assignment for repository candidate interface com.bookly.availability.BlockedTimeRepository; If you want this repository to be a Redis repository, consider annotating your entities with one of these annotations: org.springframework.data.redis.core.RedisHash (preferred), or consider extending one of the following types with your repository: org.springframework.data.keyvalue.repository.KeyValueRepository
2026-09-06T20:21:26.710186630Z [inf]  2026-09-06T20:21:26.708Z  INFO 1 --- [bookly-backend] [           main] .RepositoryConfigurationExtensionSupport : Spring Data Redis - Could not safely identify store assignment for repository candidate interface com.bookly.availability.WorkingHoursRepository; If you want this repository to be a Redis repository, consider annotating your entities with one of these annotations: org.springframework.data.redis.core.RedisHash (preferred), or consider extending one of the following types with your repository: org.springframework.data.keyvalue.repository.KeyValueRepository
2026-09-06T20:21:26.710190710Z [inf]  2026-09-06T20:21:26.708Z  INFO 1 --- [bookly-backend] [           main] .RepositoryConfigurationExtensionSupport : Spring Data Redis - Could not safely identify store assignment for repository candidate interface com.bookly.business.BusinessMemberRepository; If you want this repository to be a Redis repository, consider annotating your entities with one of these annotations: org.springframework.data.redis.core.RedisHash (preferred), or consider extending one of the following types with your repository: org.springframework.data.keyvalue.repository.KeyValueRepository
2026-09-06T20:21:26.710193740Z [inf]  2026-09-06T20:21:26.708Z  INFO 1 --- [bookly-backend] [           main] .RepositoryConfigurationExtensionSupport : Spring Data Redis - Could not safely identify store assignment for repository candidate interface com.bookly.business.BusinessRepository; If you want this repository to be a Redis repository, consider annotating your entities with one of these annotations: org.springframework.data.redis.core.RedisHash (preferred), or consider extending one of the following types with your repository: org.springframework.data.keyvalue.repository.KeyValueRepository
2026-09-06T20:21:26.710196390Z [inf]  2026-09-06T20:21:26.709Z  INFO 1 --- [bookly-backend] [           main] .RepositoryConfigurationExtensionSupport : Spring Data Redis - Could not safely identify store assignment for repository candidate interface com.bookly.customer.CustomerRepository; If you want this repository to be a Redis repository, consider annotating your entities with one of these annotations: org.springframework.data.redis.core.RedisHash (preferred), or consider extending one of the following types with your repository: org.springframework.data.keyvalue.repository.KeyValueRepository
2026-09-06T20:21:26.710725507Z [inf]  2026-09-06T20:21:26.709Z  INFO 1 --- [bookly-backend] [           main] .RepositoryConfigurationExtensionSupport : Spring Data Redis - Could not safely identify store assignment for repository candidate interface com.bookly.employee.EmployeeRepository; If you want this repository to be a Redis repository, consider annotating your entities with one of these annotations: org.springframework.data.redis.core.RedisHash (preferred), or consider extending one of the following types with your repository: org.springframework.data.keyvalue.repository.KeyValueRepository
2026-09-06T20:21:26.710733797Z [inf]  2026-09-06T20:21:26.709Z  INFO 1 --- [bookly-backend] [           main] .RepositoryConfigurationExtensionSupport : Spring Data Redis - Could not safely identify store assignment for repository candidate interface com.bookly.service.ServiceOfferingRepository; If you want this repository to be a Redis repository, consider annotating your entities with one of these annotations: org.springframework.data.redis.core.RedisHash (preferred), or consider extending one of the following types with your repository: org.springframework.data.keyvalue.repository.KeyValueRepository
2026-09-06T20:21:26.710738176Z [inf]  2026-09-06T20:21:26.709Z  INFO 1 --- [bookly-backend] [           main] .RepositoryConfigurationExtensionSupport : Spring Data Redis - Could not safely identify store assignment for repository candidate interface com.bookly.user.UserRepository; If you want this repository to be a Redis repository, consider annotating your entities with one of these annotations: org.springframework.data.redis.core.RedisHash (preferred), or consider extending one of the following types with your repository: org.springframework.data.keyvalue.repository.KeyValueRepository
2026-09-06T20:21:26.710741366Z [inf]  2026-09-06T20:21:26.709Z  INFO 1 --- [bookly-backend] [           main] .s.d.r.c.RepositoryConfigurationDelegate : Finished Spring Data repository scanning in 3 ms. Found 0 Redis repository interfaces.
2026-09-06T20:21:27.142444503Z [inf]  2026-09-06T20:21:27.098Z  INFO 1 --- [bookly-backend] [           main] o.s.b.w.embedded.tomcat.TomcatWebServer  : Tomcat initialized with port 8080 (http)
2026-09-06T20:21:27.142448093Z [inf]  2026-09-06T20:21:27.106Z  INFO 1 --- [bookly-backend] [           main] o.apache.catalina.core.StandardService   : Starting service [Tomcat]
2026-09-06T20:21:27.142451563Z [inf]  2026-09-06T20:21:27.106Z  INFO 1 --- [bookly-backend] [           main] o.apache.catalina.core.StandardEngine    : Starting Servlet engine: [Apache Tomcat/10.1.42]
2026-09-06T20:21:27.142455633Z [inf]  2026-09-06T20:21:27.123Z  INFO 1 --- [bookly-backend] [           main] o.a.c.c.C.[Tomcat].[localhost].[/]       : Initializing Spring embedded WebApplicationContext
2026-09-06T20:21:27.142459173Z [inf]  2026-09-06T20:21:27.124Z  INFO 1 --- [bookly-backend] [           main] w.s.c.ServletWebServerApplicationContext : Root WebApplicationContext: initialization completed in 1692 ms
2026-09-06T20:21:27.231083280Z [inf]  2026-09-06T20:21:27.226Z ERROR 1 --- [bookly-backend] [           main] o.s.b.web.embedded.tomcat.TomcatStarter  : Error starting Tomcat context. Exception: org.springframework.beans.factory.UnsatisfiedDependencyException. Message: Error creating bean with name 'rateLimitFilter' defined in URL [jar:nested:/app/app.jar/!BOOT-INF/classes/!/com/bookly/auth/RateLimitFilter.class]: Unsatisfied dependency expressed through constructor parameter 0: Error creating bean with name 'stringRedisTemplate' defined in class path resource [org/springframework/boot/autoconfigure/data/redis/RedisAutoConfiguration.class]: Unsatisfied dependency expressed through method 'stringRedisTemplate' parameter 0: Error creating bean with name 'org.springframework.boot.autoconfigure.data.redis.LettuceConnectionConfiguration': Unsatisfied dependency expressed through constructor parameter 0: Error creating bean with name 'spring.data.redis-org.springframework.boot.autoconfigure.data.redis.RedisProperties': Could not bind properties to 'RedisProperties' : prefix=spring.data.redis, ignoreInvalidFields=false, ignoreUnknownFields=true
2026-09-06T20:21:27.240162883Z [inf]  2026-09-06T20:21:27.238Z  INFO 1 --- [bookly-backend] [           main] o.apache.catalina.core.StandardService   : Stopping service [Tomcat]
2026-09-06T20:21:27.249406565Z [inf]  2026-09-06T20:21:27.245Z  WARN 1 --- [bookly-backend] [           main] ConfigServletWebServerApplicationContext : Exception encountered during context initialization - cancelling refresh attempt: org.springframework.context.ApplicationContextException: Unable to start web server
2026-09-06T20:21:27.258657698Z [inf]  2026-09-06T20:21:27.255Z  INFO 1 --- [bookly-backend] [           main] .s.b.a.l.ConditionEvaluationReportLogger : 
2026-09-06T20:21:27.258660268Z [inf]  
2026-09-06T20:21:27.258662688Z [inf]  Error starting ApplicationContext. To display the condition evaluation report re-run your application with 'debug' enabled.
2026-09-06T20:21:27.286098467Z [inf]  2026-09-06T20:21:27.264Z ERROR 1 --- [bookly-backend] [           main] o.s.b.d.LoggingFailureAnalysisReporter   : 
2026-09-06T20:21:27.286102857Z [inf]  
2026-09-06T20:21:27.286105656Z [inf]  
2026-09-06T20:21:27.286105816Z [inf]  ***************************
2026-09-06T20:21:27.286109916Z [inf]  APPLICATION FAILED TO START
2026-09-06T20:21:27.286112406Z [inf]  ***************************
2026-09-06T20:21:27.286112656Z [inf]  Action:
2026-09-06T20:21:27.286115106Z [inf]  
2026-09-06T20:21:27.286118166Z [inf]  
2026-09-06T20:21:27.286118346Z [inf]  Description:
2026-09-06T20:21:27.286120926Z [inf]  
2026-09-06T20:21:27.286122576Z [inf]  Update your application's configuration
2026-09-06T20:21:27.286123236Z [inf]  Failed to bind properties under 'spring.data.redis.port' to int:
2026-09-06T20:21:27.286125816Z [inf]  
2026-09-06T20:21:27.286127916Z [inf]  
2026-09-06T20:21:27.286130446Z [inf]      Property: spring.data.redis.port
2026-09-06T20:21:27.286133286Z [inf]      Value: "${REDIS_PORT:6379}"
2026-09-06T20:21:27.286135596Z [inf]      Origin: class path resource [application.yml] from app.jar - 29:13
2026-09-06T20:21:27.286137966Z [inf]      Reason: failed to convert java.lang.String to int (caused by java.lang.IllegalArgumentException: A null value cannot be assigned to a primitive type)
2026-09-06T20:21:28.326795034Z [inf]  
2026-09-06T20:21:28.326801604Z [inf]   :: Spring Boot ::                (v3.5.3)
2026-09-06T20:21:28.326805844Z [inf]  
2026-09-06T20:21:28.326820824Z [inf]  
2026-09-06T20:21:28.326825404Z [inf]    .   ____          _            __ _ _
2026-09-06T20:21:28.326828914Z [inf]   /\\ / ___'_ __ _ _(_)_ __  __ _ \ \ \ \
2026-09-06T20:21:28.326833254Z [inf]  ( ( )\___ | '_ | '_| | '_ \/ _` | \ \ \ \
2026-09-06T20:21:28.326847224Z [inf]   \\/  ___)| |_)| | | | | || (_| |  ) ) ) )
2026-09-06T20:21:28.326851494Z [inf]    '  |____| .__|_| |_|_| |_\__, | / / / /
2026-09-06T20:21:28.326855074Z [inf]   =========|_|==============|___/=/_/_/_/
2026-09-06T20:21:28.402959439Z [inf]  2026-09-06T20:21:28.394Z  INFO 1 --- [bookly-backend] [           main] com.bookly.BooklyBackendApplication      : Starting BooklyBackendApplication v0.0.1-SNAPSHOT using Java 21.0.12 with PID 1 (/app/app.jar started by bookly in /app)
2026-09-06T20:21:28.402965369Z [inf]  2026-09-06T20:21:28.396Z  INFO 1 --- [bookly-backend] [           main] com.bookly.BooklyBackendApplication      : No active profile set, falling back to 1 default profile: "default"
2026-09-06T20:21:29.567383558Z [inf]  2026-09-06T20:21:29.565Z  INFO 1 --- [bookly-backend] [           main] .s.d.r.c.RepositoryConfigurationDelegate : Multiple Spring Data modules found, entering strict repository configuration mode
2026-09-06T20:21:29.567385988Z [inf]  2026-09-06T20:21:29.566Z  INFO 1 --- [bookly-backend] [           main] .s.d.r.c.RepositoryConfigurationDelegate : Bootstrapping Spring Data JPA repositories in DEFAULT mode.
2026-09-06T20:21:29.728565723Z [inf]  2026-09-06T20:21:29.726Z  INFO 1 --- [bookly-backend] [           main] .RepositoryConfigurationExtensionSupport : Spring Data Redis - Could not safely identify store assignment for repository candidate interface com.bookly.auth.RefreshTokenRepository; If you want this repository to be a Redis repository, consider annotating your entities with one of these annotations: org.springframework.data.redis.core.RedisHash (preferred), or consider extending one of the following types with your repository: org.springframework.data.keyvalue.repository.KeyValueRepository
2026-09-06T20:21:29.728602743Z [inf]  2026-09-06T20:21:29.726Z  INFO 1 --- [bookly-backend] [           main] .RepositoryConfigurationExtensionSupport : Spring Data Redis - Could not safely identify store assignment for repository candidate interface com.bookly.availability.BlockedTimeRepository; If you want this repository to be a Redis repository, consider annotating your entities with one of these annotations: org.springframework.data.redis.core.RedisHash (preferred), or consider extending one of the following types with your repository: org.springframework.data.keyvalue.repository.KeyValueRepository
2026-09-06T20:21:29.728606493Z [inf]  2026-09-06T20:21:29.726Z  INFO 1 --- [bookly-backend] [           main] .RepositoryConfigurationExtensionSupport : Spring Data Redis - Could not safely identify store assignment for repository candidate interface com.bookly.availability.WorkingHoursRepository; If you want this repository to be a Redis repository, consider annotating your entities with one of these annotations: org.springframework.data.redis.core.RedisHash (preferred), or consider extending one of the following types with your repository: org.springframework.data.keyvalue.repository.KeyValueRepository
2026-09-06T20:21:29.728610912Z [inf]  2026-09-06T20:21:29.726Z  INFO 1 --- [bookly-backend] [           main] .RepositoryConfigurationExtensionSupport : Spring Data Redis - Could not safely identify store assignment for repository candidate interface com.bookly.business.BusinessMemberRepository; If you want this repository to be a Redis repository, consider annotating your entities with one of these annotations: org.springframework.data.redis.core.RedisHash (preferred), or consider extending one of the following types with your repository: org.springframework.data.keyvalue.repository.KeyValueRepository
2026-09-06T20:21:29.728613792Z [inf]  2026-09-06T20:21:29.704Z  INFO 1 --- [bookly-backend] [           main] .s.d.r.c.RepositoryConfigurationDelegate : Finished Spring Data repository scanning in 123 ms. Found 11 JPA repository interfaces.
2026-09-06T20:21:29.728619112Z [inf]  2026-09-06T20:21:29.726Z  INFO 1 --- [bookly-backend] [           main] .RepositoryConfigurationExtensionSupport : Spring Data Redis - Could not safely identify store assignment for repository candidate interface com.bookly.business.BusinessRepository; If you want this repository to be a Redis repository, consider annotating your entities with one of these annotations: org.springframework.data.redis.core.RedisHash (preferred), or consider extending one of the following types with your repository: org.springframework.data.keyvalue.repository.KeyValueRepository
2026-09-06T20:21:29.728619992Z [inf]  2026-09-06T20:21:29.715Z  INFO 1 --- [bookly-backend] [           main] .s.d.r.c.RepositoryConfigurationDelegate : Multiple Spring Data modules found, entering strict repository configuration mode
2026-09-06T20:21:29.728624752Z [inf]  2026-09-06T20:21:29.716Z  INFO 1 --- [bookly-backend] [           main] .s.d.r.c.RepositoryConfigurationDelegate : Bootstrapping Spring Data Redis repositories in DEFAULT mode.
2026-09-06T20:21:29.728628562Z [inf]  2026-09-06T20:21:29.725Z  INFO 1 --- [bookly-backend] [           main] .RepositoryConfigurationExtensionSupport : Spring Data Redis - Could not safely identify store assignment for repository candidate interface com.bookly.appointment.AppointmentRepository; If you want this repository to be a Redis repository, consider annotating your entities with one of these annotations: org.springframework.data.redis.core.RedisHash (preferred), or consider extending one of the following types with your repository: org.springframework.data.keyvalue.repository.KeyValueRepository
2026-09-06T20:21:29.728632642Z [inf]  2026-09-06T20:21:29.725Z  INFO 1 --- [bookly-backend] [           main] .RepositoryConfigurationExtensionSupport : Spring Data Redis - Could not safely identify store assignment for repository candidate interface com.bookly.appointment.AppointmentStatusChangeRepository; If you want this repository to be a Redis repository, consider annotating your entities with one of these annotations: org.springframework.data.redis.core.RedisHash (preferred), or consider extending one of the following types with your repository: org.springframework.data.keyvalue.repository.KeyValueRepository
2026-09-06T20:21:29.729112840Z [inf]  2026-09-06T20:21:29.726Z  INFO 1 --- [bookly-backend] [           main] .RepositoryConfigurationExtensionSupport : Spring Data Redis - Could not safely identify store assignment for repository candidate interface com.bookly.customer.CustomerRepository; If you want this repository to be a Redis repository, consider annotating your entities with one of these annotations: org.springframework.data.redis.core.RedisHash (preferred), or consider extending one of the following types with your repository: org.springframework.data.keyvalue.repository.KeyValueRepository
2026-09-06T20:21:29.729116250Z [inf]  2026-09-06T20:21:29.726Z  INFO 1 --- [bookly-backend] [           main] .RepositoryConfigurationExtensionSupport : Spring Data Redis - Could not safely identify store assignment for repository candidate interface com.bookly.employee.EmployeeRepository; If you want this repository to be a Redis repository, consider annotating your entities with one of these annotations: org.springframework.data.redis.core.RedisHash (preferred), or consider extending one of the following types with your repository: org.springframework.data.keyvalue.repository.KeyValueRepository
2026-09-06T20:21:29.729119860Z [inf]  2026-09-06T20:21:29.726Z  INFO 1 --- [bookly-backend] [           main] .RepositoryConfigurationExtensionSupport : Spring Data Redis - Could not safely identify store assignment for repository candidate interface com.bookly.service.ServiceOfferingRepository; If you want this repository to be a Redis repository, consider annotating your entities with one of these annotations: org.springframework.data.redis.core.RedisHash (preferred), or consider extending one of the following types with your repository: org.springframework.data.keyvalue.repository.KeyValueRepository
2026-09-06T20:21:29.729122930Z [inf]  2026-09-06T20:21:29.726Z  INFO 1 --- [bookly-backend] [           main] .RepositoryConfigurationExtensionSupport : Spring Data Redis - Could not safely identify store assignment for repository candidate interface com.bookly.user.UserRepository; If you want this repository to be a Redis repository, consider annotating your entities with one of these annotations: org.springframework.data.redis.core.RedisHash (preferred), or consider extending one of the following types with your repository: org.springframework.data.keyvalue.repository.KeyValueRepository
2026-09-06T20:21:29.729194499Z [inf]  2026-09-06T20:21:29.726Z  INFO 1 --- [bookly-backend] [           main] .s.d.r.c.RepositoryConfigurationDelegate : Finished Spring Data repository scanning in 4 ms. Found 0 Redis repository interfaces.
2026-09-06T20:21:30.157145610Z [inf]  2026-09-06T20:21:30.144Z  INFO 1 --- [bookly-backend] [           main] o.s.b.w.embedded.tomcat.TomcatWebServer  : Tomcat initialized with port 8080 (http)
2026-09-06T20:21:30.157154410Z [inf]  2026-09-06T20:21:30.153Z  INFO 1 --- [bookly-backend] [           main] o.apache.catalina.core.StandardService   : Starting service [Tomcat]
2026-09-06T20:21:30.157158510Z [inf]  2026-09-06T20:21:30.153Z  INFO 1 --- [bookly-backend] [           main] o.apache.catalina.core.StandardEngine    : Starting Servlet engine: [Apache Tomcat/10.1.42]
2026-09-06T20:21:30.176391471Z [inf]  2026-09-06T20:21:30.170Z  INFO 1 --- [bookly-backend] [           main] o.a.c.c.C.[Tomcat].[localhost].[/]       : Initializing Spring embedded WebApplicationContext
2026-09-06T20:21:30.176394701Z [inf]  2026-09-06T20:21:30.170Z  INFO 1 --- [bookly-backend] [           main] w.s.c.ServletWebServerApplicationContext : Root WebApplicationContext: initialization completed in 1738 ms
2026-09-06T20:21:30.261274001Z [inf]  2026-09-06T20:21:30.259Z ERROR 1 --- [bookly-backend] [           main] o.s.b.web.embedded.tomcat.TomcatStarter  : Error starting Tomcat context. Exception: org.springframework.beans.factory.UnsatisfiedDependencyException. Message: Error creating bean with name 'rateLimitFilter' defined in URL [jar:nested:/app/app.jar/!BOOT-INF/classes/!/com/bookly/auth/RateLimitFilter.class]: Unsatisfied dependency expressed through constructor parameter 0: Error creating bean with name 'stringRedisTemplate' defined in class path resource [org/springframework/boot/autoconfigure/data/redis/RedisAutoConfiguration.class]: Unsatisfied dependency expressed through method 'stringRedisTemplate' parameter 0: Error creating bean with name 'org.springframework.boot.autoconfigure.data.redis.LettuceConnectionConfiguration': Unsatisfied dependency expressed through constructor parameter 0: Error creating bean with name 'spring.data.redis-org.springframework.boot.autoconfigure.data.redis.RedisProperties': Could not bind properties to 'RedisProperties' : prefix=spring.data.redis, ignoreInvalidFields=false, ignoreUnknownFields=true
2026-09-06T20:21:30.297049298Z [inf]  2026-09-06T20:21:30.279Z  INFO 1 --- [bookly-backend] [           main] o.apache.catalina.core.StandardService   : Stopping service [Tomcat]
2026-09-06T20:21:30.297054128Z [inf]  2026-09-06T20:21:30.287Z  WARN 1 --- [bookly-backend] [           main] ConfigServletWebServerApplicationContext : Exception encountered during context initialization - cancelling refresh attempt: org.springframework.context.ApplicationContextException: Unable to start web server
2026-09-06T20:21:30.297745854Z [inf]  2026-09-06T20:21:30.297Z  INFO 1 --- [bookly-backend] [           main] .s.b.a.l.ConditionEvaluationReportLogger : 
2026-09-06T20:21:30.297749154Z [inf]  
2026-09-06T20:21:30.297751694Z [inf]  Error starting ApplicationContext. To display the condition evaluation report re-run your application with 'debug' enabled.
2026-09-06T20:21:30.326689573Z [inf]  2026-09-06T20:21:30.306Z ERROR 1 --- [bookly-backend] [           main] o.s.b.d.LoggingFailureAnalysisReporter   : 
2026-09-06T20:21:30.326694133Z [inf]  
2026-09-06T20:21:30.326697903Z [inf]  ***************************
2026-09-06T20:21:30.326701503Z [inf]  APPLICATION FAILED TO START
2026-09-06T20:21:30.326705923Z [inf]  ***************************
2026-09-06T20:21:30.326709433Z [inf]  
2026-09-06T20:21:30.326713113Z [inf]  Description:
2026-09-06T20:21:30.326717183Z [inf]  
2026-09-06T20:21:30.326720493Z [inf]  Failed to bind properties under 'spring.data.redis.port' to int:
2026-09-06T20:21:30.326724353Z [inf]  
2026-09-06T20:21:30.326727733Z [inf]      Property: spring.data.redis.port
2026-09-06T20:21:30.326731183Z [inf]      Value: "${REDIS_PORT:6379}"
2026-09-06T20:21:30.326734203Z [inf]      Origin: class path resource [application.yml] from app.jar - 29:13
2026-09-06T20:21:30.326737913Z [inf]      Reason: failed to convert java.lang.String to int (caused by java.lang.IllegalArgumentException: A null value cannot be assigned to a primitive type)
2026-09-06T20:21:30.326741553Z [inf]  
2026-09-06T20:21:30.326744823Z [inf]  Action:
2026-09-06T20:21:30.326748043Z [inf]  
2026-09-06T20:21:30.326751233Z [inf]  Update your application's configuration
2026-09-06T20:21:30.326754533Z [inf]  
2026-09-06T20:21:31.654277458Z [inf]   \\/  ___)| |_)| | | | | || (_| |  ) ) ) )
2026-09-06T20:21:31.654282858Z [inf]    '  |____| .__|_| |_|_| |_\__, | / / / /
2026-09-06T20:21:31.654288008Z [inf]   =========|_|==============|___/=/_/_/_/
2026-09-06T20:21:31.654292648Z [inf]  
2026-09-06T20:21:31.654297928Z [inf]   :: Spring Boot ::                (v3.5.3)
2026-09-06T20:21:31.654299468Z [inf]  
2026-09-06T20:21:31.654303558Z [inf]  
2026-09-06T20:21:31.654312558Z [inf]    .   ____          _            __ _ _
2026-09-06T20:21:31.654316878Z [inf]   /\\ / ___'_ __ _ _(_)_ __  __ _ \ \ \ \
2026-09-06T20:21:31.654320088Z [inf]  ( ( )\___ | '_ | '_| | '_ \/ _` | \ \ \ \
2026-09-06T20:21:31.741214037Z [inf]  2026-09-06T20:21:31.736Z  INFO 1 --- [bookly-backend] [           main] com.bookly.BooklyBackendApplication      : Starting BooklyBackendApplication v0.0.1-SNAPSHOT using Java 21.0.12 with PID 1 (/app/app.jar started by bookly in /app)
2026-09-06T20:21:31.741216957Z [inf]  2026-09-06T20:21:31.738Z  INFO 1 --- [bookly-backend] [           main] com.bookly.BooklyBackendApplication      : No active profile set, falling back to 1 default profile: "default"
2026-09-06T20:21:33.008859118Z [inf]  2026-09-06T20:21:32.981Z  INFO 1 --- [bookly-backend] [           main] .s.d.r.c.RepositoryConfigurationDelegate : Multiple Spring Data modules found, entering strict repository configuration mode
2026-09-06T20:21:33.008861838Z [inf]  2026-09-06T20:21:32.982Z  INFO 1 --- [bookly-backend] [           main] .s.d.r.c.RepositoryConfigurationDelegate : Bootstrapping Spring Data JPA repositories in DEFAULT mode.
2026-09-06T20:21:33.146636650Z [inf]  2026-09-06T20:21:33.125Z  INFO 1 --- [bookly-backend] [           main] .s.d.r.c.RepositoryConfigurationDelegate : Finished Spring Data repository scanning in 137 ms. Found 11 JPA repository interfaces.
2026-09-06T20:21:33.146647349Z [inf]  2026-09-06T20:21:33.137Z  INFO 1 --- [bookly-backend] [           main] .s.d.r.c.RepositoryConfigurationDelegate : Multiple Spring Data modules found, entering strict repository configuration mode
2026-09-06T20:21:33.146651759Z [inf]  2026-09-06T20:21:33.138Z  INFO 1 --- [bookly-backend] [           main] .s.d.r.c.RepositoryConfigurationDelegate : Bootstrapping Spring Data Redis repositories in DEFAULT mode.
2026-09-06T20:21:33.150256416Z [inf]  2026-09-06T20:21:33.146Z  INFO 1 --- [bookly-backend] [           main] .RepositoryConfigurationExtensionSupport : Spring Data Redis - Could not safely identify store assignment for repository candidate interface com.bookly.appointment.AppointmentRepository; If you want this repository to be a Redis repository, consider annotating your entities with one of these annotations: org.springframework.data.redis.core.RedisHash (preferred), or consider extending one of the following types with your repository: org.springframework.data.keyvalue.repository.KeyValueRepository
2026-09-06T20:21:33.150262206Z [inf]  2026-09-06T20:21:33.147Z  INFO 1 --- [bookly-backend] [           main] .RepositoryConfigurationExtensionSupport : Spring Data Redis - Could not safely identify store assignment for repository candidate interface com.bookly.appointment.AppointmentStatusChangeRepository; If you want this repository to be a Redis repository, consider annotating your entities with one of these annotations: org.springframework.data.redis.core.RedisHash (preferred), or consider extending one of the following types with your repository: org.springframework.data.keyvalue.repository.KeyValueRepository
2026-09-06T20:21:33.150265946Z [inf]  2026-09-06T20:21:33.147Z  INFO 1 --- [bookly-backend] [           main] .RepositoryConfigurationExtensionSupport : Spring Data Redis - Could not safely identify store assignment for repository candidate interface com.bookly.auth.RefreshTokenRepository; If you want this repository to be a Redis repository, consider annotating your entities with one of these annotations: org.springframework.data.redis.core.RedisHash (preferred), or consider extending one of the following types with your repository: org.springframework.data.keyvalue.repository.KeyValueRepository
2026-09-06T20:21:33.150269076Z [inf]  2026-09-06T20:21:33.147Z  INFO 1 --- [bookly-backend] [           main] .RepositoryConfigurationExtensionSupport : Spring Data Redis - Could not safely identify store assignment for repository candidate interface com.bookly.availability.BlockedTimeRepository; If you want this repository to be a Redis repository, consider annotating your entities with one of these annotations: org.springframework.data.redis.core.RedisHash (preferred), or consider extending one of the following types with your repository: org.springframework.data.keyvalue.repository.KeyValueRepository
2026-09-06T20:21:33.150637195Z [inf]  2026-09-06T20:21:33.147Z  INFO 1 --- [bookly-backend] [           main] .RepositoryConfigurationExtensionSupport : Spring Data Redis - Could not safely identify store assignment for repository candidate interface com.bookly.availability.WorkingHoursRepository; If you want this repository to be a Redis repository, consider annotating your entities with one of these annotations: org.springframework.data.redis.core.RedisHash (preferred), or consider extending one of the following types with your repository: org.springframework.data.keyvalue.repository.KeyValueRepository
2026-09-06T20:21:33.150642354Z [inf]  2026-09-06T20:21:33.147Z  INFO 1 --- [bookly-backend] [           main] .RepositoryConfigurationExtensionSupport : Spring Data Redis - Could not safely identify store assignment for repository candidate interface com.bookly.business.BusinessMemberRepository; If you want this repository to be a Redis repository, consider annotating your entities with one of these annotations: org.springframework.data.redis.core.RedisHash (preferred), or consider extending one of the following types with your repository: org.springframework.data.keyvalue.repository.KeyValueRepository
2026-09-06T20:21:33.150645264Z [inf]  2026-09-06T20:21:33.147Z  INFO 1 --- [bookly-backend] [           main] .RepositoryConfigurationExtensionSupport : Spring Data Redis - Could not safely identify store assignment for repository candidate interface com.bookly.business.BusinessRepository; If you want this repository to be a Redis repository, consider annotating your entities with one of these annotations: org.springframework.data.redis.core.RedisHash (preferred), or consider extending one of the following types with your repository: org.springframework.data.keyvalue.repository.KeyValueRepository
2026-09-06T20:21:33.150647834Z [inf]  2026-09-06T20:21:33.147Z  INFO 1 --- [bookly-backend] [           main] .RepositoryConfigurationExtensionSupport : Spring Data Redis - Could not safely identify store assignment for repository candidate interface com.bookly.customer.CustomerRepository; If you want this repository to be a Redis repository, consider annotating your entities with one of these annotations: org.springframework.data.redis.core.RedisHash (preferred), or consider extending one of the following types with your repository: org.springframework.data.keyvalue.repository.KeyValueRepository
2026-09-06T20:21:33.151077032Z [inf]  2026-09-06T20:21:33.147Z  INFO 1 --- [bookly-backend] [           main] .RepositoryConfigurationExtensionSupport : Spring Data Redis - Could not safely identify store assignment for repository candidate interface com.bookly.employee.EmployeeRepository; If you want this repository to be a Redis repository, consider annotating your entities with one of these annotations: org.springframework.data.redis.core.RedisHash (preferred), or consider extending one of the following types with your repository: org.springframework.data.keyvalue.repository.KeyValueRepository
2026-09-06T20:21:33.151079712Z [inf]  2026-09-06T20:21:33.147Z  INFO 1 --- [bookly-backend] [           main] .RepositoryConfigurationExtensionSupport : Spring Data Redis - Could not safely identify store assignment for repository candidate interface com.bookly.service.ServiceOfferingRepository; If you want this repository to be a Redis repository, consider annotating your entities with one of these annotations: org.springframework.data.redis.core.RedisHash (preferred), or consider extending one of the following types with your repository: org.springframework.data.keyvalue.repository.KeyValueRepository
2026-09-06T20:21:33.151082492Z [inf]  2026-09-06T20:21:33.147Z  INFO 1 --- [bookly-backend] [           main] .RepositoryConfigurationExtensionSupport : Spring Data Redis - Could not safely identify store assignment for repository candidate interface com.bookly.user.UserRepository; If you want this repository to be a Redis repository, consider annotating your entities with one of these annotations: org.springframework.data.redis.core.RedisHash (preferred), or consider extending one of the following types with your repository: org.springframework.data.keyvalue.repository.KeyValueRepository
2026-09-06T20:21:33.151084852Z [inf]  2026-09-06T20:21:33.148Z  INFO 1 --- [bookly-backend] [           main] .s.d.r.c.RepositoryConfigurationDelegate : Finished Spring Data repository scanning in 4 ms. Found 0 Redis repository interfaces.
2026-09-06T20:21:33.541191862Z [inf]  2026-09-06T20:21:33.538Z  INFO 1 --- [bookly-backend] [           main] o.s.b.w.embedded.tomcat.TomcatWebServer  : Tomcat initialized with port 8080 (http)
2026-09-06T20:21:33.550465764Z [inf]  2026-09-06T20:21:33.546Z  INFO 1 --- [bookly-backend] [           main] o.apache.catalina.core.StandardService   : Starting service [Tomcat]
2026-09-06T20:21:33.550469174Z [inf]  2026-09-06T20:21:33.546Z  INFO 1 --- [bookly-backend] [           main] o.apache.catalina.core.StandardEngine    : Starting Servlet engine: [Apache Tomcat/10.1.42]
2026-09-06T20:21:33.569023627Z [inf]  2026-09-06T20:21:33.568Z  INFO 1 --- [bookly-backend] [           main] o.a.c.c.C.[Tomcat].[localhost].[/]       : Initializing Spring embedded WebApplicationContext
2026-09-06T20:21:33.570110981Z [inf]  2026-09-06T20:21:33.569Z  INFO 1 --- [bookly-backend] [           main] w.s.c.ServletWebServerApplicationContext : Root WebApplicationContext: initialization completed in 1788 ms
2026-09-06T20:21:33.652290150Z [inf]  2026-09-06T20:21:33.648Z ERROR 1 --- [bookly-backend] [           main] o.s.b.web.embedded.tomcat.TomcatStarter  : Error starting Tomcat context. Exception: org.springframework.beans.factory.UnsatisfiedDependencyException. Message: Error creating bean with name 'rateLimitFilter' defined in URL [jar:nested:/app/app.jar/!BOOT-INF/classes/!/com/bookly/auth/RateLimitFilter.class]: Unsatisfied dependency expressed through constructor parameter 0: Error creating bean with name 'stringRedisTemplate' defined in class path resource [org/springframework/boot/autoconfigure/data/redis/RedisAutoConfiguration.class]: Unsatisfied dependency expressed through method 'stringRedisTemplate' parameter 0: Error creating bean with name 'org.springframework.boot.autoconfigure.data.redis.LettuceConnectionConfiguration': Unsatisfied dependency expressed through constructor parameter 0: Error creating bean with name 'spring.data.redis-org.springframework.boot.autoconfigure.data.redis.RedisProperties': Could not bind properties to 'RedisProperties' : prefix=spring.data.redis, ignoreInvalidFields=false, ignoreUnknownFields=true
2026-09-06T20:21:33.671200482Z [inf]  2026-09-06T20:21:33.665Z  INFO 1 --- [bookly-backend] [           main] o.apache.catalina.core.StandardService   : Stopping service [Tomcat]
2026-09-06T20:21:33.671202712Z [inf]  2026-09-06T20:21:33.670Z  WARN 1 --- [bookly-backend] [           main] ConfigServletWebServerApplicationContext : Exception encountered during context initialization - cancelling refresh attempt: org.springframework.context.ApplicationContextException: Unable to start web server
2026-09-06T20:21:33.680945591Z [inf]  2026-09-06T20:21:33.679Z  INFO 1 --- [bookly-backend] [           main] .s.b.a.l.ConditionEvaluationReportLogger : 
2026-09-06T20:21:33.680949701Z [inf]  
2026-09-06T20:21:33.680952931Z [inf]  Error starting ApplicationContext. To display the condition evaluation report re-run your application with 'debug' enabled.
2026-09-06T20:21:33.700207371Z [inf]  2026-09-06T20:21:33.692Z ERROR 1 --- [bookly-backend] [           main] o.s.b.d.LoggingFailureAnalysisReporter   : 
2026-09-06T20:21:33.700212011Z [inf]  
2026-09-06T20:21:33.700215681Z [inf]  ***************************
2026-09-06T20:21:33.700220681Z [inf]  APPLICATION FAILED TO START
2026-09-06T20:21:33.700224500Z [inf]  ***************************
2026-09-06T20:21:33.700227690Z [inf]  
2026-09-06T20:21:33.700231160Z [inf]  Description:
2026-09-06T20:21:33.700234160Z [inf]  
2026-09-06T20:21:33.700237510Z [inf]  Failed to bind properties under 'spring.data.redis.port' to int:
2026-09-06T20:21:33.700240850Z [inf]  
2026-09-06T20:21:33.700244060Z [inf]      Property: spring.data.redis.port
2026-09-06T20:21:33.700247950Z [inf]      Value: "${REDIS_PORT:6379}"
2026-09-06T20:21:33.700251380Z [inf]      Origin: class path resource [application.yml] from app.jar - 29:13
2026-09-06T20:21:33.700255020Z [inf]      Reason: failed to convert java.lang.String to int (caused by java.lang.IllegalArgumentException: A null value cannot be assigned to a primitive type)
2026-09-06T20:21:33.700258190Z [inf]  
2026-09-06T20:21:33.700261400Z [inf]  Action:
2026-09-06T20:21:33.700264300Z [inf]  
2026-09-06T20:21:33.700267650Z [inf]  Update your application's configuration
2026-09-06T20:21:33.700270890Z [inf]  
2026-09-06T20:21:34.815554514Z [inf]   :: Spring Boot ::                (v3.5.3)
2026-09-06T20:21:34.815560114Z [inf]  
2026-09-06T20:21:34.815567564Z [inf]  
2026-09-06T20:21:34.815569894Z [inf]    .   ____          _            __ _ _
2026-09-06T20:21:34.815573094Z [inf]   /\\ / ___'_ __ _ _(_)_ __  __ _ \ \ \ \
2026-09-06T20:21:34.815576044Z [inf]  ( ( )\___ | '_ | '_| | '_ \/ _` | \ \ \ \
2026-09-06T20:21:34.815578934Z [inf]   \\/  ___)| |_)| | | | | || (_| |  ) ) ) )
2026-09-06T20:21:34.815581134Z [inf]    '  |____| .__|_| |_|_| |_\__, | / / / /
2026-09-06T20:21:34.815583274Z [inf]   =========|_|==============|___/=/_/_/_/
2026-09-06T20:21:34.815585414Z [inf]  
2026-09-06T20:21:34.850867684Z [inf]  2026-09-06T20:21:34.843Z  INFO 1 --- [bookly-backend] [           main] com.bookly.BooklyBackendApplication      : Starting BooklyBackendApplication v0.0.1-SNAPSHOT using Java 21.0.12 with PID 1 (/app/app.jar started by bookly in /app)
2026-09-06T20:21:34.850870174Z [inf]  2026-09-06T20:21:34.844Z  INFO 1 --- [bookly-backend] [           main] com.bookly.BooklyBackendApplication      : No active profile set, falling back to 1 default profile: "default"
2026-09-06T20:21:36.047474123Z [inf]  2026-09-06T20:21:36.044Z  INFO 1 --- [bookly-backend] [           main] .s.d.r.c.RepositoryConfigurationDelegate : Multiple Spring Data modules found, entering strict repository configuration mode
2026-09-06T20:21:36.047477073Z [inf]  2026-09-06T20:21:36.045Z  INFO 1 --- [bookly-backend] [           main] .s.d.r.c.RepositoryConfigurationDelegate : Bootstrapping Spring Data JPA repositories in DEFAULT mode.
2026-09-06T20:21:36.201058777Z [inf]  2026-09-06T20:21:36.170Z  INFO 1 --- [bookly-backend] [           main] .s.d.r.c.RepositoryConfigurationDelegate : Finished Spring Data repository scanning in 119 ms. Found 11 JPA repository interfaces.
2026-09-06T20:21:36.201064757Z [inf]  2026-09-06T20:21:36.180Z  INFO 1 --- [bookly-backend] [           main] .s.d.r.c.RepositoryConfigurationDelegate : Multiple Spring Data modules found, entering strict repository configuration mode
2026-09-06T20:21:36.201068237Z [inf]  2026-09-06T20:21:36.181Z  INFO 1 --- [bookly-backend] [           main] .s.d.r.c.RepositoryConfigurationDelegate : Bootstrapping Spring Data Redis repositories in DEFAULT mode.
2026-09-06T20:21:36.201071077Z [inf]  2026-09-06T20:21:36.189Z  INFO 1 --- [bookly-backend] [           main] .RepositoryConfigurationExtensionSupport : Spring Data Redis - Could not safely identify store assignment for repository candidate interface com.bookly.appointment.AppointmentRepository; If you want this repository to be a Redis repository, consider annotating your entities with one of these annotations: org.springframework.data.redis.core.RedisHash (preferred), or consider extending one of the following types with your repository: org.springframework.data.keyvalue.repository.KeyValueRepository
2026-09-06T20:21:36.201074387Z [inf]  2026-09-06T20:21:36.189Z  INFO 1 --- [bookly-backend] [           main] .RepositoryConfigurationExtensionSupport : Spring Data Redis - Could not safely identify store assignment for repository candidate interface com.bookly.appointment.AppointmentStatusChangeRepository; If you want this repository to be a Redis repository, consider annotating your entities with one of these annotations: org.springframework.data.redis.core.RedisHash (preferred), or consider extending one of the following types with your repository: org.springframework.data.keyvalue.repository.KeyValueRepository
2026-09-06T20:21:36.201077327Z [inf]  2026-09-06T20:21:36.189Z  INFO 1 --- [bookly-backend] [           main] .RepositoryConfigurationExtensionSupport : Spring Data Redis - Could not safely identify store assignment for repository candidate interface com.bookly.auth.RefreshTokenRepository; If you want this repository to be a Redis repository, consider annotating your entities with one of these annotations: org.springframework.data.redis.core.RedisHash (preferred), or consider extending one of the following types with your repository: org.springframework.data.keyvalue.repository.KeyValueRepository
2026-09-06T20:21:36.201173156Z [inf]  2026-09-06T20:21:36.189Z  INFO 1 --- [bookly-backend] [           main] .RepositoryConfigurationExtensionSupport : Spring Data Redis - Could not safely identify store assignment for repository candidate interface com.bookly.availability.BlockedTimeRepository; If you want this repository to be a Redis repository, consider annotating your entities with one of these annotations: org.springframework.data.redis.core.RedisHash (preferred), or consider extending one of the following types with your repository: org.springframework.data.keyvalue.repository.KeyValueRepository
2026-09-06T20:21:36.201177686Z [inf]  2026-09-06T20:21:36.189Z  INFO 1 --- [bookly-backend] [           main] .RepositoryConfigurationExtensionSupport : Spring Data Redis - Could not safely identify store assignment for repository candidate interface com.bookly.availability.WorkingHoursRepository; If you want this repository to be a Redis repository, consider annotating your entities with one of these annotations: org.springframework.data.redis.core.RedisHash (preferred), or consider extending one of the following types with your repository: org.springframework.data.keyvalue.repository.KeyValueRepository
2026-09-06T20:21:36.201180556Z [inf]  2026-09-06T20:21:36.189Z  INFO 1 --- [bookly-backend] [           main] .RepositoryConfigurationExtensionSupport : Spring Data Redis - Could not safely identify store assignment for repository candidate interface com.bookly.business.BusinessMemberRepository; If you want this repository to be a Redis repository, consider annotating your entities with one of these annotations: org.springframework.data.redis.core.RedisHash (preferred), or consider extending one of the following types with your repository: org.springframework.data.keyvalue.repository.KeyValueRepository
2026-09-06T20:21:36.201182806Z [inf]  2026-09-06T20:21:36.189Z  INFO 1 --- [bookly-backend] [           main] .RepositoryConfigurationExtensionSupport : Spring Data Redis - Could not safely identify store assignment for repository candidate interface com.bookly.business.BusinessRepository; If you want this repository to be a Redis repository, consider annotating your entities with one of these annotations: org.springframework.data.redis.core.RedisHash (preferred), or consider extending one of the following types with your repository: org.springframework.data.keyvalue.repository.KeyValueRepository
2026-09-06T20:21:36.201613974Z [inf]  2026-09-06T20:21:36.189Z  INFO 1 --- [bookly-backend] [           main] .RepositoryConfigurationExtensionSupport : Spring Data Redis - Could not safely identify store assignment for repository candidate interface com.bookly.customer.CustomerRepository; If you want this repository to be a Redis repository, consider annotating your entities with one of these annotations: org.springframework.data.redis.core.RedisHash (preferred), or consider extending one of the following types with your repository: org.springframework.data.keyvalue.repository.KeyValueRepository
2026-09-06T20:21:36.201616614Z [inf]  2026-09-06T20:21:36.189Z  INFO 1 --- [bookly-backend] [           main] .RepositoryConfigurationExtensionSupport : Spring Data Redis - Could not safely identify store assignment for repository candidate interface com.bookly.employee.EmployeeRepository; If you want this repository to be a Redis repository, consider annotating your entities with one of these annotations: org.springframework.data.redis.core.RedisHash (preferred), or consider extending one of the following types with your repository: org.springframework.data.keyvalue.repository.KeyValueRepository
2026-09-06T20:21:36.201621064Z [inf]  2026-09-06T20:21:36.189Z  INFO 1 --- [bookly-backend] [           main] .RepositoryConfigurationExtensionSupport : Spring Data Redis - Could not safely identify store assignment for repository candidate interface com.bookly.service.ServiceOfferingRepository; If you want this repository to be a Redis repository, consider annotating your entities with one of these annotations: org.springframework.data.redis.core.RedisHash (preferred), or consider extending one of the following types with your repository: org.springframework.data.keyvalue.repository.KeyValueRepository
2026-09-06T20:21:36.201624034Z [inf]  2026-09-06T20:21:36.189Z  INFO 1 --- [bookly-backend] [           main] .RepositoryConfigurationExtensionSupport : Spring Data Redis - Could not safely identify store assignment for repository candidate interface com.bookly.user.UserRepository; If you want this repository to be a Redis repository, consider annotating your entities with one of these annotations: org.springframework.data.redis.core.RedisHash (preferred), or consider extending one of the following types with your repository: org.springframework.data.keyvalue.repository.KeyValueRepository
2026-09-06T20:21:36.201974742Z [inf]  2026-09-06T20:21:36.189Z  INFO 1 --- [bookly-backend] [           main] .s.d.r.c.RepositoryConfigurationDelegate : Finished Spring Data repository scanning in 3 ms. Found 0 Redis repository interfaces.
2026-09-06T20:21:36.608956678Z [inf]  2026-09-06T20:21:36.605Z  INFO 1 --- [bookly-backend] [           main] o.s.b.w.embedded.tomcat.TomcatWebServer  : Tomcat initialized with port 8080 (http)
2026-09-06T20:21:36.617921782Z [inf]  2026-09-06T20:21:36.613Z  INFO 1 --- [bookly-backend] [           main] o.apache.catalina.core.StandardService   : Starting service [Tomcat]
2026-09-06T20:21:36.617925202Z [inf]  2026-09-06T20:21:36.614Z  INFO 1 --- [bookly-backend] [           main] o.apache.catalina.core.StandardEngine    : Starting Servlet engine: [Apache Tomcat/10.1.42]
2026-09-06T20:21:36.636701775Z [inf]  2026-09-06T20:21:36.628Z  INFO 1 --- [bookly-backend] [           main] o.a.c.c.C.[Tomcat].[localhost].[/]       : Initializing Spring embedded WebApplicationContext
2026-09-06T20:21:36.636707175Z [inf]  2026-09-06T20:21:36.629Z  INFO 1 --- [bookly-backend] [           main] w.s.c.ServletWebServerApplicationContext : Root WebApplicationContext: initialization completed in 1750 ms
2026-09-06T20:21:36.727757518Z [inf]  2026-09-06T20:21:36.716Z ERROR 1 --- [bookly-backend] [           main] o.s.b.web.embedded.tomcat.TomcatStarter  : Error starting Tomcat context. Exception: org.springframework.beans.factory.UnsatisfiedDependencyException. Message: Error creating bean with name 'rateLimitFilter' defined in URL [jar:nested:/app/app.jar/!BOOT-INF/classes/!/com/bookly/auth/RateLimitFilter.class]: Unsatisfied dependency expressed through constructor parameter 0: Error creating bean with name 'stringRedisTemplate' defined in class path resource [org/springframework/boot/autoconfigure/data/redis/RedisAutoConfiguration.class]: Unsatisfied dependency expressed through method 'stringRedisTemplate' parameter 0: Error creating bean with name 'org.springframework.boot.autoconfigure.data.redis.LettuceConnectionConfiguration': Unsatisfied dependency expressed through constructor parameter 0: Error creating bean with name 'spring.data.redis-org.springframework.boot.autoconfigure.data.redis.RedisProperties': Could not bind properties to 'RedisProperties' : prefix=spring.data.redis, ignoreInvalidFields=false, ignoreUnknownFields=true
2026-09-06T20:21:36.746753760Z [inf]  2026-09-06T20:21:36.737Z  INFO 1 --- [bookly-backend] [           main] o.apache.catalina.core.StandardService   : Stopping service [Tomcat]
2026-09-06T20:21:36.746757220Z [inf]  2026-09-06T20:21:36.743Z  WARN 1 --- [bookly-backend] [           main] ConfigServletWebServerApplicationContext : Exception encountered during context initialization - cancelling refresh attempt: org.springframework.context.ApplicationContextException: Unable to start web server
2026-09-06T20:21:36.754189864Z [inf]  2026-09-06T20:21:36.753Z  INFO 1 --- [bookly-backend] [           main] .s.b.a.l.ConditionEvaluationReportLogger : 
2026-09-06T20:21:36.754193274Z [inf]  
2026-09-06T20:21:36.754195934Z [inf]  Error starting ApplicationContext. To display the condition evaluation report re-run your application with 'debug' enabled.
2026-09-06T20:21:36.763680645Z [inf]  2026-09-06T20:21:36.762Z ERROR 1 --- [bookly-backend] [           main] o.s.b.d.LoggingFailureAnalysisReporter   : 
2026-09-06T20:21:36.763688985Z [inf]  
2026-09-06T20:21:36.763695055Z [inf]  ***************************
2026-09-06T20:21:36.763696235Z [inf]  
2026-09-06T20:21:36.763701245Z [inf]  APPLICATION FAILED TO START
2026-09-06T20:21:36.763706605Z [inf]  ***************************
2026-09-06T20:21:36.763707505Z [inf]  Update your application's configuration
2026-09-06T20:21:36.763712365Z [inf]  
2026-09-06T20:21:36.763715464Z [inf]  
2026-09-06T20:21:36.763718384Z [inf]  Description:
2026-09-06T20:21:36.763721634Z [inf]  
2026-09-06T20:21:36.763724154Z [inf]  Failed to bind properties under 'spring.data.redis.port' to int:
2026-09-06T20:21:36.763726974Z [inf]  
2026-09-06T20:21:36.763730134Z [inf]      Property: spring.data.redis.port
2026-09-06T20:21:36.763732934Z [inf]      Value: "${REDIS_PORT:6379}"
2026-09-06T20:21:36.763735864Z [inf]      Origin: class path resource [application.yml] from app.jar - 29:13
2026-09-06T20:21:36.763738684Z [inf]      Reason: failed to convert java.lang.String to int (caused by java.lang.IllegalArgumentException: A null value cannot be assigned to a primitive type)
2026-09-06T20:21:36.763741864Z [inf]  
2026-09-06T20:21:36.763744714Z [inf]  Action:
2026-09-06T20:21:37.904281155Z [inf]    '  |____| .__|_| |_|_| |_\__, | / / / /
2026-09-06T20:21:37.904281245Z [inf]  
2026-09-06T20:21:37.904287125Z [inf]   =========|_|==============|___/=/_/_/_/
2026-09-06T20:21:37.904287265Z [inf]    .   ____          _            __ _ _
2026-09-06T20:21:37.904291325Z [inf]   /\\ / ___'_ __ _ _(_)_ __  __ _ \ \ \ \
2026-09-06T20:21:37.904291405Z [inf]  
2026-09-06T20:21:37.904294305Z [inf]  ( ( )\___ | '_ | '_| | '_ \/ _` | \ \ \ \
2026-09-06T20:21:37.904295845Z [inf]   :: Spring Boot ::                (v3.5.3)
2026-09-06T20:21:37.904297435Z [inf]   \\/  ___)| |_)| | | | | || (_| |  ) ) ) )
2026-09-06T20:21:37.904299495Z [inf]  
2026-09-06T20:21:37.976162228Z [inf]  2026-09-06T20:21:37.950Z  INFO 1 --- [bookly-backend] [           main] com.bookly.BooklyBackendApplication      : Starting BooklyBackendApplication v0.0.1-SNAPSHOT using Java 21.0.12 with PID 1 (/app/app.jar started by bookly in /app)
2026-09-06T20:21:37.976171678Z [inf]  2026-09-06T20:21:37.952Z  INFO 1 --- [bookly-backend] [           main] com.bookly.BooklyBackendApplication      : No active profile set, falling back to 1 default profile: "default"
2026-09-06T20:21:39.167867883Z [inf]  2026-09-06T20:21:39.150Z  INFO 1 --- [bookly-backend] [           main] .s.d.r.c.RepositoryConfigurationDelegate : Multiple Spring Data modules found, entering strict repository configuration mode
2026-09-06T20:21:39.167873943Z [inf]  2026-09-06T20:21:39.151Z  INFO 1 --- [bookly-backend] [           main] .s.d.r.c.RepositoryConfigurationDelegate : Bootstrapping Spring Data JPA repositories in DEFAULT mode.
2026-09-06T20:21:39.294298476Z [inf]  2026-09-06T20:21:39.290Z  INFO 1 --- [bookly-backend] [           main] .s.d.r.c.RepositoryConfigurationDelegate : Finished Spring Data repository scanning in 134 ms. Found 11 JPA repository interfaces.
2026-09-06T20:21:39.302804173Z [inf]  2026-09-06T20:21:39.301Z  INFO 1 --- [bookly-backend] [           main] .s.d.r.c.RepositoryConfigurationDelegate : Multiple Spring Data modules found, entering strict repository configuration mode
2026-09-06T20:21:39.302806923Z [inf]  2026-09-06T20:21:39.301Z  INFO 1 --- [bookly-backend] [           main] .s.d.r.c.RepositoryConfigurationDelegate : Bootstrapping Spring Data Redis repositories in DEFAULT mode.
2026-09-06T20:21:39.310964653Z [inf]  2026-09-06T20:21:39.309Z  INFO 1 --- [bookly-backend] [           main] .RepositoryConfigurationExtensionSupport : Spring Data Redis - Could not safely identify store assignment for repository candidate interface com.bookly.appointment.AppointmentRepository; If you want this repository to be a Redis repository, consider annotating your entities with one of these annotations: org.springframework.data.redis.core.RedisHash (preferred), or consider extending one of the following types with your repository: org.springframework.data.keyvalue.repository.KeyValueRepository
2026-09-06T20:21:39.310968003Z [inf]  2026-09-06T20:21:39.309Z  INFO 1 --- [bookly-backend] [           main] .RepositoryConfigurationExtensionSupport : Spring Data Redis - Could not safely identify store assignment for repository candidate interface com.bookly.appointment.AppointmentStatusChangeRepository; If you want this repository to be a Redis repository, consider annotating your entities with one of these annotations: org.springframework.data.redis.core.RedisHash (preferred), or consider extending one of the following types with your repository: org.springframework.data.keyvalue.repository.KeyValueRepository
2026-09-06T20:21:39.310971363Z [inf]  2026-09-06T20:21:39.309Z  INFO 1 --- [bookly-backend] [           main] .RepositoryConfigurationExtensionSupport : Spring Data Redis - Could not safely identify store assignment for repository candidate interface com.bookly.auth.RefreshTokenRepository; If you want this repository to be a Redis repository, consider annotating your entities with one of these annotations: org.springframework.data.redis.core.RedisHash (preferred), or consider extending one of the following types with your repository: org.springframework.data.keyvalue.repository.KeyValueRepository
2026-09-06T20:21:39.310973733Z [inf]  2026-09-06T20:21:39.310Z  INFO 1 --- [bookly-backend] [           main] .RepositoryConfigurationExtensionSupport : Spring Data Redis - Could not safely identify store assignment for repository candidate interface com.bookly.availability.BlockedTimeRepository; If you want this repository to be a Redis repository, consider annotating your entities with one of these annotations: org.springframework.data.redis.core.RedisHash (preferred), or consider extending one of the following types with your repository: org.springframework.data.keyvalue.repository.KeyValueRepository
2026-09-06T20:21:39.312956971Z [inf]  2026-09-06T20:21:39.310Z  INFO 1 --- [bookly-backend] [           main] .RepositoryConfigurationExtensionSupport : Spring Data Redis - Could not safely identify store assignment for repository candidate interface com.bookly.availability.WorkingHoursRepository; If you want this repository to be a Redis repository, consider annotating your entities with one of these annotations: org.springframework.data.redis.core.RedisHash (preferred), or consider extending one of the following types with your repository: org.springframework.data.keyvalue.repository.KeyValueRepository
2026-09-06T20:21:39.312960181Z [inf]  2026-09-06T20:21:39.310Z  INFO 1 --- [bookly-backend] [           main] .RepositoryConfigurationExtensionSupport : Spring Data Redis - Could not safely identify store assignment for repository candidate interface com.bookly.business.BusinessMemberRepository; If you want this repository to be a Redis repository, consider annotating your entities with one of these annotations: org.springframework.data.redis.core.RedisHash (preferred), or consider extending one of the following types with your repository: org.springframework.data.keyvalue.repository.KeyValueRepository
2026-09-06T20:21:39.312962961Z [inf]  2026-09-06T20:21:39.310Z  INFO 1 --- [bookly-backend] [           main] .RepositoryConfigurationExtensionSupport : Spring Data Redis - Could not safely identify store assignment for repository candidate interface com.bookly.business.BusinessRepository; If you want this repository to be a Redis repository, consider annotating your entities with one of these annotations: org.springframework.data.redis.core.RedisHash (preferred), or consider extending one of the following types with your repository: org.springframework.data.keyvalue.repository.KeyValueRepository
2026-09-06T20:21:39.312965481Z [inf]  2026-09-06T20:21:39.310Z  INFO 1 --- [bookly-backend] [           main] .RepositoryConfigurationExtensionSupport : Spring Data Redis - Could not safely identify store assignment for repository candidate interface com.bookly.customer.CustomerRepository; If you want this repository to be a Redis repository, consider annotating your entities with one of these annotations: org.springframework.data.redis.core.RedisHash (preferred), or consider extending one of the following types with your repository: org.springframework.data.keyvalue.repository.KeyValueRepository
2026-09-06T20:21:39.313406038Z [inf]  2026-09-06T20:21:39.310Z  INFO 1 --- [bookly-backend] [           main] .RepositoryConfigurationExtensionSupport : Spring Data Redis - Could not safely identify store assignment for repository candidate interface com.bookly.employee.EmployeeRepository; If you want this repository to be a Redis repository, consider annotating your entities with one of these annotations: org.springframework.data.redis.core.RedisHash (preferred), or consider extending one of the following types with your repository: org.springframework.data.keyvalue.repository.KeyValueRepository
2026-09-06T20:21:39.313408878Z [inf]  2026-09-06T20:21:39.310Z  INFO 1 --- [bookly-backend] [           main] .RepositoryConfigurationExtensionSupport : Spring Data Redis - Could not safely identify store assignment for repository candidate interface com.bookly.service.ServiceOfferingRepository; If you want this repository to be a Redis repository, consider annotating your entities with one of these annotations: org.springframework.data.redis.core.RedisHash (preferred), or consider extending one of the following types with your repository: org.springframework.data.keyvalue.repository.KeyValueRepository
2026-09-06T20:21:39.313411588Z [inf]  2026-09-06T20:21:39.310Z  INFO 1 --- [bookly-backend] [           main] .RepositoryConfigurationExtensionSupport : Spring Data Redis - Could not safely identify store assignment for repository candidate interface com.bookly.user.UserRepository; If you want this repository to be a Redis repository, consider annotating your entities with one of these annotations: org.springframework.data.redis.core.RedisHash (preferred), or consider extending one of the following types with your repository: org.springframework.data.keyvalue.repository.KeyValueRepository
2026-09-06T20:21:39.313414378Z [inf]  2026-09-06T20:21:39.310Z  INFO 1 --- [bookly-backend] [           main] .s.d.r.c.RepositoryConfigurationDelegate : Finished Spring Data repository scanning in 3 ms. Found 0 Redis repository interfaces.
2026-09-06T20:21:39.710127050Z [inf]  2026-09-06T20:21:39.705Z  INFO 1 --- [bookly-backend] [           main] o.s.b.w.embedded.tomcat.TomcatWebServer  : Tomcat initialized with port 8080 (http)
2026-09-06T20:21:39.714147385Z [inf]  2026-09-06T20:21:39.713Z  INFO 1 --- [bookly-backend] [           main] o.apache.catalina.core.StandardService   : Starting service [Tomcat]
2026-09-06T20:21:39.714151255Z [inf]  2026-09-06T20:21:39.713Z  INFO 1 --- [bookly-backend] [           main] o.apache.catalina.core.StandardEngine    : Starting Servlet engine: [Apache Tomcat/10.1.42]
2026-09-06T20:21:39.732564451Z [inf]  2026-09-06T20:21:39.730Z  INFO 1 --- [bookly-backend] [           main] o.a.c.c.C.[Tomcat].[localhost].[/]       : Initializing Spring embedded WebApplicationContext
2026-09-06T20:21:39.732568431Z [inf]  2026-09-06T20:21:39.730Z  INFO 1 --- [bookly-backend] [           main] w.s.c.ServletWebServerApplicationContext : Root WebApplicationContext: initialization completed in 1715 ms
2026-09-06T20:21:39.841167146Z [inf]  2026-09-06T20:21:39.830Z ERROR 1 --- [bookly-backend] [           main] o.s.b.web.embedded.tomcat.TomcatStarter  : Error starting Tomcat context. Exception: org.springframework.beans.factory.UnsatisfiedDependencyException. Message: Error creating bean with name 'rateLimitFilter' defined in URL [jar:nested:/app/app.jar/!BOOT-INF/classes/!/com/bookly/auth/RateLimitFilter.class]: Unsatisfied dependency expressed through constructor parameter 0: Error creating bean with name 'stringRedisTemplate' defined in class path resource [org/springframework/boot/autoconfigure/data/redis/RedisAutoConfiguration.class]: Unsatisfied dependency expressed through method 'stringRedisTemplate' parameter 0: Error creating bean with name 'org.springframework.boot.autoconfigure.data.redis.LettuceConnectionConfiguration': Unsatisfied dependency expressed through constructor parameter 0: Error creating bean with name 'spring.data.redis-org.springframework.boot.autoconfigure.data.redis.RedisProperties': Could not bind properties to 'RedisProperties' : prefix=spring.data.redis, ignoreInvalidFields=false, ignoreUnknownFields=true
2026-09-06T20:21:39.845300519Z [inf]  2026-09-06T20:21:39.842Z  INFO 1 --- [bookly-backend] [           main] o.apache.catalina.core.StandardService   : Stopping service [Tomcat]
2026-09-06T20:21:39.849813401Z [inf]  2026-09-06T20:21:39.847Z  WARN 1 --- [bookly-backend] [           main] ConfigServletWebServerApplicationContext : Exception encountered during context initialization - cancelling refresh attempt: org.springframework.context.ApplicationContextException: Unable to start web server
2026-09-06T20:21:39.860409035Z [inf]  2026-09-06T20:21:39.856Z  INFO 1 --- [bookly-backend] [           main] .s.b.a.l.ConditionEvaluationReportLogger : 
2026-09-06T20:21:39.860413005Z [inf]  
2026-09-06T20:21:39.860415755Z [inf]  Error starting ApplicationContext. To display the condition evaluation report re-run your application with 'debug' enabled.
2026-09-06T20:21:39.870413094Z [inf]  2026-09-06T20:21:39.867Z ERROR 1 --- [bookly-backend] [           main] o.s.b.d.LoggingFailureAnalysisReporter   : 
2026-09-06T20:21:39.870415604Z [inf]  
2026-09-06T20:21:39.870426613Z [inf]  ***************************
2026-09-06T20:21:39.870429513Z [inf]  APPLICATION FAILED TO START
2026-09-06T20:21:39.870432003Z [inf]  ***************************
2026-09-06T20:21:39.870434353Z [inf]  
2026-09-06T20:21:39.870436513Z [inf]  Description:
2026-09-06T20:21:39.870439133Z [inf]  
2026-09-06T20:21:39.870441483Z [inf]  Failed to bind properties under 'spring.data.redis.port' to int:
2026-09-06T20:21:39.870443973Z [inf]  
2026-09-06T20:21:39.870446323Z [inf]      Property: spring.data.redis.port
2026-09-06T20:21:39.870449183Z [inf]      Value: "${REDIS_PORT:6379}"
2026-09-06T20:21:39.870452383Z [inf]      Origin: class path resource [application.yml] from app.jar - 29:13
2026-09-06T20:21:39.870454593Z [inf]      Reason: failed to convert java.lang.String to int (caused by java.lang.IllegalArgumentException: A null value cannot be assigned to a primitive type)
2026-09-06T20:21:39.870456693Z [inf]  
2026-09-06T20:21:39.870458863Z [inf]  Action:
2026-09-06T20:21:39.870461143Z [inf]  
2026-09-06T20:21:39.870463383Z [inf]  Update your application's configuration
2026-09-06T20:21:39.870465453Z [inf]  
2026-09-06T20:21:40.997535353Z [inf]  
2026-09-06T20:21:40.997538313Z [inf]    .   ____          _            __ _ _
2026-09-06T20:21:40.997541313Z [inf]   /\\ / ___'_ __ _ _(_)_ __  __ _ \ \ \ \
2026-09-06T20:21:40.997544153Z [inf]  ( ( )\___ | '_ | '_| | '_ \/ _` | \ \ \ \
2026-09-06T20:21:40.997547763Z [inf]   \\/  ___)| |_)| | | | | || (_| |  ) ) ) )
2026-09-06T20:21:40.997550103Z [inf]    '  |____| .__|_| |_|_| |_\__, | / / / /
2026-09-06T20:21:40.997552733Z [inf]   =========|_|==============|___/=/_/_/_/
2026-09-06T20:21:40.997555063Z [inf]  
2026-09-06T20:21:40.997557973Z [inf]   :: Spring Boot ::                (v3.5.3)
2026-09-06T20:21:40.997560463Z [inf]  
2026-09-06T20:21:41.071168465Z [inf]  2026-09-06T20:21:41.063Z  INFO 1 --- [bookly-backend] [           main] com.bookly.BooklyBackendApplication      : Starting BooklyBackendApplication v0.0.1-SNAPSHOT using Java 21.0.12 with PID 1 (/app/app.jar started by bookly in /app)
2026-09-06T20:21:41.071171495Z [inf]  2026-09-06T20:21:41.064Z  INFO 1 --- [bookly-backend] [           main] com.bookly.BooklyBackendApplication      : No active profile set, falling back to 1 default profile: "default"
2026-09-06T20:21:42.329544131Z [inf]  2026-09-06T20:21:42.323Z  INFO 1 --- [bookly-backend] [           main] .s.d.r.c.RepositoryConfigurationDelegate : Multiple Spring Data modules found, entering strict repository configuration mode
2026-09-06T20:21:42.329548091Z [inf]  2026-09-06T20:21:42.325Z  INFO 1 --- [bookly-backend] [           main] .s.d.r.c.RepositoryConfigurationDelegate : Bootstrapping Spring Data JPA repositories in DEFAULT mode.
2026-09-06T20:21:42.474152503Z [inf]  2026-09-06T20:21:42.461Z  INFO 1 --- [bookly-backend] [           main] .s.d.r.c.RepositoryConfigurationDelegate : Finished Spring Data repository scanning in 131 ms. Found 11 JPA repository interfaces.
2026-09-06T20:21:42.474155233Z [inf]  2026-09-06T20:21:42.472Z  INFO 1 --- [bookly-backend] [           main] .s.d.r.c.RepositoryConfigurationDelegate : Multiple Spring Data modules found, entering strict repository configuration mode
2026-09-06T20:21:42.474157972Z [inf]  2026-09-06T20:21:42.472Z  INFO 1 --- [bookly-backend] [           main] .s.d.r.c.RepositoryConfigurationDelegate : Bootstrapping Spring Data Redis repositories in DEFAULT mode.
2026-09-06T20:21:42.483448395Z [inf]  2026-09-06T20:21:42.480Z  INFO 1 --- [bookly-backend] [           main] .RepositoryConfigurationExtensionSupport : Spring Data Redis - Could not safely identify store assignment for repository candidate interface com.bookly.appointment.AppointmentRepository; If you want this repository to be a Redis repository, consider annotating your entities with one of these annotations: org.springframework.data.redis.core.RedisHash (preferred), or consider extending one of the following types with your repository: org.springframework.data.keyvalue.repository.KeyValueRepository
2026-09-06T20:21:42.483452274Z [inf]  2026-09-06T20:21:42.481Z  INFO 1 --- [bookly-backend] [           main] .RepositoryConfigurationExtensionSupport : Spring Data Redis - Could not safely identify store assignment for repository candidate interface com.bookly.appointment.AppointmentStatusChangeRepository; If you want this repository to be a Redis repository, consider annotating your entities with one of these annotations: org.springframework.data.redis.core.RedisHash (preferred), or consider extending one of the following types with your repository: org.springframework.data.keyvalue.repository.KeyValueRepository
2026-09-06T20:21:42.483455384Z [inf]  2026-09-06T20:21:42.481Z  INFO 1 --- [bookly-backend] [           main] .RepositoryConfigurationExtensionSupport : Spring Data Redis - Could not safely identify store assignment for repository candidate interface com.bookly.auth.RefreshTokenRepository; If you want this repository to be a Redis repository, consider annotating your entities with one of these annotations: org.springframework.data.redis.core.RedisHash (preferred), or consider extending one of the following types with your repository: org.springframework.data.keyvalue.repository.KeyValueRepository
2026-09-06T20:21:42.483458374Z [inf]  2026-09-06T20:21:42.481Z  INFO 1 --- [bookly-backend] [           main] .RepositoryConfigurationExtensionSupport : Spring Data Redis - Could not safely identify store assignment for repository candidate interface com.bookly.availability.BlockedTimeRepository; If you want this repository to be a Redis repository, consider annotating your entities with one of these annotations: org.springframework.data.redis.core.RedisHash (preferred), or consider extending one of the following types with your repository: org.springframework.data.keyvalue.repository.KeyValueRepository
2026-09-06T20:21:42.483829513Z [inf]  2026-09-06T20:21:42.481Z  INFO 1 --- [bookly-backend] [           main] .RepositoryConfigurationExtensionSupport : Spring Data Redis - Could not safely identify store assignment for repository candidate interface com.bookly.availability.WorkingHoursRepository; If you want this repository to be a Redis repository, consider annotating your entities with one of these annotations: org.springframework.data.redis.core.RedisHash (preferred), or consider extending one of the following types with your repository: org.springframework.data.keyvalue.repository.KeyValueRepository
2026-09-06T20:21:42.483832593Z [inf]  2026-09-06T20:21:42.481Z  INFO 1 --- [bookly-backend] [           main] .RepositoryConfigurationExtensionSupport : Spring Data Redis - Could not safely identify store assignment for repository candidate interface com.bookly.business.BusinessMemberRepository; If you want this repository to be a Redis repository, consider annotating your entities with one of these annotations: org.springframework.data.redis.core.RedisHash (preferred), or consider extending one of the following types with your repository: org.springframework.data.keyvalue.repository.KeyValueRepository
2026-09-06T20:21:42.483835223Z [inf]  2026-09-06T20:21:42.481Z  INFO 1 --- [bookly-backend] [           main] .RepositoryConfigurationExtensionSupport : Spring Data Redis - Could not safely identify store assignment for repository candidate interface com.bookly.business.BusinessRepository; If you want this repository to be a Redis repository, consider annotating your entities with one of these annotations: org.springframework.data.redis.core.RedisHash (preferred), or consider extending one of the following types with your repository: org.springframework.data.keyvalue.repository.KeyValueRepository
2026-09-06T20:21:42.483837642Z [inf]  2026-09-06T20:21:42.481Z  INFO 1 --- [bookly-backend] [           main] .RepositoryConfigurationExtensionSupport : Spring Data Redis - Could not safely identify store assignment for repository candidate interface com.bookly.customer.CustomerRepository; If you want this repository to be a Redis repository, consider annotating your entities with one of these annotations: org.springframework.data.redis.core.RedisHash (preferred), or consider extending one of the following types with your repository: org.springframework.data.keyvalue.repository.KeyValueRepository
2026-09-06T20:21:42.484675577Z [inf]  2026-09-06T20:21:42.481Z  INFO 1 --- [bookly-backend] [           main] .RepositoryConfigurationExtensionSupport : Spring Data Redis - Could not safely identify store assignment for repository candidate interface com.bookly.employee.EmployeeRepository; If you want this repository to be a Redis repository, consider annotating your entities with one of these annotations: org.springframework.data.redis.core.RedisHash (preferred), or consider extending one of the following types with your repository: org.springframework.data.keyvalue.repository.KeyValueRepository
2026-09-06T20:21:42.484680537Z [inf]  2026-09-06T20:21:42.481Z  INFO 1 --- [bookly-backend] [           main] .RepositoryConfigurationExtensionSupport : Spring Data Redis - Could not safely identify store assignment for repository candidate interface com.bookly.service.ServiceOfferingRepository; If you want this repository to be a Redis repository, consider annotating your entities with one of these annotations: org.springframework.data.redis.core.RedisHash (preferred), or consider extending one of the following types with your repository: org.springframework.data.keyvalue.repository.KeyValueRepository
2026-09-06T20:21:42.484683627Z [inf]  2026-09-06T20:21:42.481Z  INFO 1 --- [bookly-backend] [           main] .RepositoryConfigurationExtensionSupport : Spring Data Redis - Could not safely identify store assignment for repository candidate interface com.bookly.user.UserRepository; If you want this repository to be a Redis repository, consider annotating your entities with one of these annotations: org.springframework.data.redis.core.RedisHash (preferred), or consider extending one of the following types with your repository: org.springframework.data.keyvalue.repository.KeyValueRepository
2026-09-06T20:21:42.484687077Z [inf]  2026-09-06T20:21:42.481Z  INFO 1 --- [bookly-backend] [           main] .s.d.r.c.RepositoryConfigurationDelegate : Finished Spring Data repository scanning in 3 ms. Found 0 Redis repository interfaces.
2026-09-06T20:21:42.885663514Z [inf]  2026-09-06T20:21:42.877Z  INFO 1 --- [bookly-backend] [           main] o.s.b.w.embedded.tomcat.TomcatWebServer  : Tomcat initialized with port 8080 (http)
2026-09-06T20:21:42.885666664Z [inf]  2026-09-06T20:21:42.885Z  INFO 1 --- [bookly-backend] [           main] o.apache.catalina.core.StandardService   : Starting service [Tomcat]
2026-09-06T20:21:42.885821023Z [inf]  2026-09-06T20:21:42.885Z  INFO 1 --- [bookly-backend] [           main] o.apache.catalina.core.StandardEngine    : Starting Servlet engine: [Apache Tomcat/10.1.42]
2026-09-06T20:21:42.922075928Z [inf]  2026-09-06T20:21:42.905Z  INFO 1 --- [bookly-backend] [           main] o.a.c.c.C.[Tomcat].[localhost].[/]       : Initializing Spring embedded WebApplicationContext
2026-09-06T20:21:42.922080138Z [inf]  2026-09-06T20:21:42.905Z  INFO 1 --- [bookly-backend] [           main] w.s.c.ServletWebServerApplicationContext : Root WebApplicationContext: initialization completed in 1779 ms
2026-09-06T20:21:43.058243781Z [inf]  2026-09-06T20:21:42.993Z ERROR 1 --- [bookly-backend] [           main] o.s.b.web.embedded.tomcat.TomcatStarter  : Error starting Tomcat context. Exception: org.springframework.beans.factory.UnsatisfiedDependencyException. Message: Error creating bean with name 'rateLimitFilter' defined in URL [jar:nested:/app/app.jar/!BOOT-INF/classes/!/com/bookly/auth/RateLimitFilter.class]: Unsatisfied dependency expressed through constructor parameter 0: Error creating bean with name 'stringRedisTemplate' defined in class path resource [org/springframework/boot/autoconfigure/data/redis/RedisAutoConfiguration.class]: Unsatisfied dependency expressed through method 'stringRedisTemplate' parameter 0: Error creating bean with name 'org.springframework.boot.autoconfigure.data.redis.LettuceConnectionConfiguration': Unsatisfied dependency expressed through constructor parameter 0: Error creating bean with name 'spring.data.redis-org.springframework.boot.autoconfigure.data.redis.RedisProperties': Could not bind properties to 'RedisProperties' : prefix=spring.data.redis, ignoreInvalidFields=false, ignoreUnknownFields=true
2026-09-06T20:21:43.058248731Z [inf]  2026-09-06T20:21:43.006Z  INFO 1 --- [bookly-backend] [           main] o.apache.catalina.core.StandardService   : Stopping service [Tomcat]
2026-09-06T20:21:43.058252991Z [inf]  2026-09-06T20:21:43.022Z  WARN 1 --- [bookly-backend] [           main] ConfigServletWebServerApplicationContext : Exception encountered during context initialization - cancelling refresh attempt: org.springframework.context.ApplicationContextException: Unable to start web server
2026-09-06T20:21:43.058257341Z [inf]  2026-09-06T20:21:43.032Z  INFO 1 --- [bookly-backend] [           main] .s.b.a.l.ConditionEvaluationReportLogger : 
2026-09-06T20:21:43.058260751Z [inf]  
2026-09-06T20:21:43.058264151Z [inf]  Error starting ApplicationContext. To display the condition evaluation report re-run your application with 'debug' enabled.
2026-09-06T20:21:43.058267621Z [inf]  2026-09-06T20:21:43.048Z ERROR 1 --- [bookly-backend] [           main] o.s.b.d.LoggingFailureAnalysisReporter   : 
2026-09-06T20:21:43.058626519Z [inf]  
2026-09-06T20:21:43.058629789Z [inf]  ***************************
2026-09-06T20:21:43.058632669Z [inf]  APPLICATION FAILED TO START
2026-09-06T20:21:43.058635229Z [inf]  ***************************
2026-09-06T20:21:43.058637809Z [inf]  
2026-09-06T20:21:43.058640159Z [inf]  Description:
2026-09-06T20:21:43.058642489Z [inf]  
2026-09-06T20:21:43.058644749Z [inf]  Failed to bind properties under 'spring.data.redis.port' to int:
2026-09-06T20:21:43.058646939Z [inf]  
2026-09-06T20:21:43.058649509Z [inf]      Property: spring.data.redis.port
2026-09-06T20:21:43.058652509Z [inf]      Value: "${REDIS_PORT:6379}"
2026-09-06T20:21:43.058654649Z [inf]      Origin: class path resource [application.yml] from app.jar - 29:13
2026-09-06T20:21:43.058656779Z [inf]      Reason: failed to convert java.lang.String to int (caused by java.lang.IllegalArgumentException: A null value cannot be assigned to a primitive type)
2026-09-06T20:21:43.058659209Z [inf]  
2026-09-06T20:21:43.058661499Z [inf]  Action:
2026-09-06T20:21:43.058663829Z [inf]  
2026-09-06T20:21:43.058666929Z [inf]  Update your application's configuration
2026-09-06T20:21:43.058669449Z [inf]  
2026-09-06T20:21:44.193421556Z [inf]  
2026-09-06T20:21:44.193425056Z [inf]    .   ____          _            __ _ _
2026-09-06T20:21:44.193428476Z [inf]   /\\ / ___'_ __ _ _(_)_ __  __ _ \ \ \ \
2026-09-06T20:21:44.193431846Z [inf]  ( ( )\___ | '_ | '_| | '_ \/ _` | \ \ \ \
2026-09-06T20:21:44.193434956Z [inf]   \\/  ___)| |_)| | | | | || (_| |  ) ) ) )
2026-09-06T20:21:44.193438056Z [inf]    '  |____| .__|_| |_|_| |_\__, | / / / /
2026-09-06T20:21:44.193441206Z [inf]   =========|_|==============|___/=/_/_/_/
2026-09-06T20:21:44.193443966Z [inf]  
2026-09-06T20:21:44.193446736Z [inf]   :: Spring Boot ::                (v3.5.3)
2026-09-06T20:21:44.193449656Z [inf]  
2026-09-06T20:21:44.229493952Z [inf]  2026-09-06T20:21:44.209Z  INFO 1 --- [bookly-backend] [           main] com.bookly.BooklyBackendApplication      : Starting BooklyBackendApplication v0.0.1-SNAPSHOT using Java 21.0.12 with PID 1 (/app/app.jar started by bookly in /app)
2026-09-06T20:21:44.229499512Z [inf]  2026-09-06T20:21:44.212Z  INFO 1 --- [bookly-backend] [           main] com.bookly.BooklyBackendApplication      : No active profile set, falling back to 1 default profile: "default"
2026-09-06T20:21:45.303298301Z [inf]  2026-09-06T20:21:45.289Z  INFO 1 --- [bookly-backend] [           main] .s.d.r.c.RepositoryConfigurationDelegate : Multiple Spring Data modules found, entering strict repository configuration mode
2026-09-06T20:21:45.303300671Z [inf]  2026-09-06T20:21:45.290Z  INFO 1 --- [bookly-backend] [           main] .s.d.r.c.RepositoryConfigurationDelegate : Bootstrapping Spring Data JPA repositories in DEFAULT mode.
2026-09-06T20:21:45.430378591Z [inf]  2026-09-06T20:21:45.416Z  INFO 1 --- [bookly-backend] [           main] .s.d.r.c.RepositoryConfigurationDelegate : Finished Spring Data repository scanning in 120 ms. Found 11 JPA repository interfaces.
2026-09-06T20:21:45.430381641Z [inf]  2026-09-06T20:21:45.426Z  INFO 1 --- [bookly-backend] [           main] .s.d.r.c.RepositoryConfigurationDelegate : Multiple Spring Data modules found, entering strict repository configuration mode
2026-09-06T20:21:45.430384141Z [inf]  2026-09-06T20:21:45.427Z  INFO 1 --- [bookly-backend] [           main] .s.d.r.c.RepositoryConfigurationDelegate : Bootstrapping Spring Data Redis repositories in DEFAULT mode.
2026-09-06T20:21:45.439670833Z [inf]  2026-09-06T20:21:45.434Z  INFO 1 --- [bookly-backend] [           main] .RepositoryConfigurationExtensionSupport : Spring Data Redis - Could not safely identify store assignment for repository candidate interface com.bookly.appointment.AppointmentRepository; If you want this repository to be a Redis repository, consider annotating your entities with one of these annotations: org.springframework.data.redis.core.RedisHash (preferred), or consider extending one of the following types with your repository: org.springframework.data.keyvalue.repository.KeyValueRepository
2026-09-06T20:21:45.439674864Z [inf]  2026-09-06T20:21:45.435Z  INFO 1 --- [bookly-backend] [           main] .RepositoryConfigurationExtensionSupport : Spring Data Redis - Could not safely identify store assignment for repository candidate interface com.bookly.appointment.AppointmentStatusChangeRepository; If you want this repository to be a Redis repository, consider annotating your entities with one of these annotations: org.springframework.data.redis.core.RedisHash (preferred), or consider extending one of the following types with your repository: org.springframework.data.keyvalue.repository.KeyValueRepository
2026-09-06T20:21:45.439677584Z [inf]  2026-09-06T20:21:45.435Z  INFO 1 --- [bookly-backend] [           main] .RepositoryConfigurationExtensionSupport : Spring Data Redis - Could not safely identify store assignment for repository candidate interface com.bookly.auth.RefreshTokenRepository; If you want this repository to be a Redis repository, consider annotating your entities with one of these annotations: org.springframework.data.redis.core.RedisHash (preferred), or consider extending one of the following types with your repository: org.springframework.data.keyvalue.repository.KeyValueRepository
2026-09-06T20:21:45.439680314Z [inf]  2026-09-06T20:21:45.435Z  INFO 1 --- [bookly-backend] [           main] .RepositoryConfigurationExtensionSupport : Spring Data Redis - Could not safely identify store assignment for repository candidate interface com.bookly.availability.BlockedTimeRepository; If you want this repository to be a Redis repository, consider annotating your entities with one of these annotations: org.springframework.data.redis.core.RedisHash (preferred), or consider extending one of the following types with your repository: org.springframework.data.keyvalue.repository.KeyValueRepository
2026-09-06T20:21:45.440200650Z [inf]  2026-09-06T20:21:45.435Z  INFO 1 --- [bookly-backend] [           main] .RepositoryConfigurationExtensionSupport : Spring Data Redis - Could not safely identify store assignment for repository candidate interface com.bookly.availability.WorkingHoursRepository; If you want this repository to be a Redis repository, consider annotating your entities with one of these annotations: org.springframework.data.redis.core.RedisHash (preferred), or consider extending one of the following types with your repository: org.springframework.data.keyvalue.repository.KeyValueRepository
2026-09-06T20:21:45.440206700Z [inf]  2026-09-06T20:21:45.435Z  INFO 1 --- [bookly-backend] [           main] .RepositoryConfigurationExtensionSupport : Spring Data Redis - Could not safely identify store assignment for repository candidate interface com.bookly.business.BusinessMemberRepository; If you want this repository to be a Redis repository, consider annotating your entities with one of these annotations: org.springframework.data.redis.core.RedisHash (preferred), or consider extending one of the following types with your repository: org.springframework.data.keyvalue.repository.KeyValueRepository
2026-09-06T20:21:45.440212020Z [inf]  2026-09-06T20:21:45.435Z  INFO 1 --- [bookly-backend] [           main] .RepositoryConfigurationExtensionSupport : Spring Data Redis - Could not safely identify store assignment for repository candidate interface com.bookly.business.BusinessRepository; If you want this repository to be a Redis repository, consider annotating your entities with one of these annotations: org.springframework.data.redis.core.RedisHash (preferred), or consider extending one of the following types with your repository: org.springframework.data.keyvalue.repository.KeyValueRepository
2026-09-06T20:21:45.440215940Z [inf]  2026-09-06T20:21:45.435Z  INFO 1 --- [bookly-backend] [           main] .RepositoryConfigurationExtensionSupport : Spring Data Redis - Could not safely identify store assignment for repository candidate interface com.bookly.customer.CustomerRepository; If you want this repository to be a Redis repository, consider annotating your entities with one of these annotations: org.springframework.data.redis.core.RedisHash (preferred), or consider extending one of the following types with your repository: org.springframework.data.keyvalue.repository.KeyValueRepository
2026-09-06T20:21:45.440466659Z [inf]  2026-09-06T20:21:45.435Z  INFO 1 --- [bookly-backend] [           main] .RepositoryConfigurationExtensionSupport : Spring Data Redis - Could not safely identify store assignment for repository candidate interface com.bookly.employee.EmployeeRepository; If you want this repository to be a Redis repository, consider annotating your entities with one of these annotations: org.springframework.data.redis.core.RedisHash (preferred), or consider extending one of the following types with your repository: org.springframework.data.keyvalue.repository.KeyValueRepository
2026-09-06T20:21:45.440470899Z [inf]  2026-09-06T20:21:45.435Z  INFO 1 --- [bookly-backend] [           main] .RepositoryConfigurationExtensionSupport : Spring Data Redis - Could not safely identify store assignment for repository candidate interface com.bookly.service.ServiceOfferingRepository; If you want this repository to be a Redis repository, consider annotating your entities with one of these annotations: org.springframework.data.redis.core.RedisHash (preferred), or consider extending one of the following types with your repository: org.springframework.data.keyvalue.repository.KeyValueRepository
2026-09-06T20:21:45.440473609Z [inf]  2026-09-06T20:21:45.435Z  INFO 1 --- [bookly-backend] [           main] .RepositoryConfigurationExtensionSupport : Spring Data Redis - Could not safely identify store assignment for repository candidate interface com.bookly.user.UserRepository; If you want this repository to be a Redis repository, consider annotating your entities with one of these annotations: org.springframework.data.redis.core.RedisHash (preferred), or consider extending one of the following types with your repository: org.springframework.data.keyvalue.repository.KeyValueRepository
2026-09-06T20:21:45.440477279Z [inf]  2026-09-06T20:21:45.435Z  INFO 1 --- [bookly-backend] [           main] .s.d.r.c.RepositoryConfigurationDelegate : Finished Spring Data repository scanning in 3 ms. Found 0 Redis repository interfaces.
2026-09-06T20:21:45.842169144Z [inf]  2026-09-06T20:21:45.817Z  INFO 1 --- [bookly-backend] [           main] o.s.b.w.embedded.tomcat.TomcatWebServer  : Tomcat initialized with port 8080 (http)
2026-09-06T20:21:45.842172994Z [inf]  2026-09-06T20:21:45.825Z  INFO 1 --- [bookly-backend] [           main] o.apache.catalina.core.StandardService   : Starting service [Tomcat]
2026-09-06T20:21:45.842176014Z [inf]  2026-09-06T20:21:45.825Z  INFO 1 --- [bookly-backend] [           main] o.apache.catalina.core.StandardEngine    : Starting Servlet engine: [Apache Tomcat/10.1.42]
2026-09-06T20:21:45.842179994Z [inf]  2026-09-06T20:21:45.840Z  INFO 1 --- [bookly-backend] [           main] o.a.c.c.C.[Tomcat].[localhost].[/]       : Initializing Spring embedded WebApplicationContext
2026-09-06T20:21:45.842184934Z [inf]  2026-09-06T20:21:45.841Z  INFO 1 --- [bookly-backend] [           main] w.s.c.ServletWebServerApplicationContext : Root WebApplicationContext: initialization completed in 1570 ms
2026-09-06T20:21:45.939674918Z [inf]  2026-09-06T20:21:45.931Z ERROR 1 --- [bookly-backend] [           main] o.s.b.web.embedded.tomcat.TomcatStarter  : Error starting Tomcat context. Exception: org.springframework.beans.factory.UnsatisfiedDependencyException. Message: Error creating bean with name 'rateLimitFilter' defined in URL [jar:nested:/app/app.jar/!BOOT-INF/classes/!/com/bookly/auth/RateLimitFilter.class]: Unsatisfied dependency expressed through constructor parameter 0: Error creating bean with name 'stringRedisTemplate' defined in class path resource [org/springframework/boot/autoconfigure/data/redis/RedisAutoConfiguration.class]: Unsatisfied dependency expressed through method 'stringRedisTemplate' parameter 0: Error creating bean with name 'org.springframework.boot.autoconfigure.data.redis.LettuceConnectionConfiguration': Unsatisfied dependency expressed through constructor parameter 0: Error creating bean with name 'spring.data.redis-org.springframework.boot.autoconfigure.data.redis.RedisProperties': Could not bind properties to 'RedisProperties' : prefix=spring.data.redis, ignoreInvalidFields=false, ignoreUnknownFields=true
2026-09-06T20:21:45.946162898Z [inf]  2026-09-06T20:21:45.943Z  INFO 1 --- [bookly-backend] [           main] o.apache.catalina.core.StandardService   : Stopping service [Tomcat]
2026-09-06T20:21:45.949973843Z [inf]  2026-09-06T20:21:45.949Z  WARN 1 --- [bookly-backend] [           main] ConfigServletWebServerApplicationContext : Exception encountered during context initialization - cancelling refresh attempt: org.springframework.context.ApplicationContextException: Unable to start web server
2026-09-06T20:21:45.975363746Z [inf]  2026-09-06T20:21:45.973Z  INFO 1 --- [bookly-backend] [           main] .s.b.a.l.ConditionEvaluationReportLogger : 
2026-09-06T20:21:45.975368596Z [inf]  
2026-09-06T20:21:45.975371276Z [inf]  Error starting ApplicationContext. To display the condition evaluation report re-run your application with 'debug' enabled.
2026-09-06T20:21:45.994160709Z [inf]  2026-09-06T20:21:45.984Z ERROR 1 --- [bookly-backend] [           main] o.s.b.d.LoggingFailureAnalysisReporter   : 
2026-09-06T20:21:45.994166279Z [inf]  
2026-09-06T20:21:45.994170489Z [inf]  ***************************
2026-09-06T20:21:45.994173039Z [inf]  APPLICATION FAILED TO START
2026-09-06T20:21:45.994175359Z [inf]  ***************************
2026-09-06T20:21:45.994177809Z [inf]  
2026-09-06T20:21:45.994180249Z [inf]  Description:
2026-09-06T20:21:45.994183279Z [inf]  
2026-09-06T20:21:45.994185689Z [inf]  Failed to bind properties under 'spring.data.redis.port' to int:
2026-09-06T20:21:45.994188869Z [inf]  
2026-09-06T20:21:45.994191209Z [inf]      Property: spring.data.redis.port
2026-09-06T20:21:45.994193529Z [inf]      Value: "${REDIS_PORT:6379}"
2026-09-06T20:21:45.994195979Z [inf]      Origin: class path resource [application.yml] from app.jar - 29:13
2026-09-06T20:21:45.994198278Z [inf]      Reason: failed to convert java.lang.String to int (caused by java.lang.IllegalArgumentException: A null value cannot be assigned to a primitive type)
2026-09-06T20:21:45.994200689Z [inf]  
2026-09-06T20:21:45.994203769Z [inf]  Action:
2026-09-06T20:21:45.994207059Z [inf]  
2026-09-06T20:21:45.994209429Z [inf]  Update your application's configuration
2026-09-06T20:21:45.994211769Z [inf]  
2026-09-06T20:21:47.168956734Z [inf]  
2026-09-06T20:21:47.168960424Z [inf]    .   ____          _            __ _ _
2026-09-06T20:21:47.168964494Z [inf]   /\\ / ___'_ __ _ _(_)_ __  __ _ \ \ \ \
2026-09-06T20:21:47.168967854Z [inf]  ( ( )\___ | '_ | '_| | '_ \/ _` | \ \ \ \
2026-09-06T20:21:47.168971034Z [inf]   \\/  ___)| |_)| | | | | || (_| |  ) ) ) )
2026-09-06T20:21:47.168974614Z [inf]    '  |____| .__|_| |_|_| |_\__, | / / / /
2026-09-06T20:21:47.168977534Z [inf]   =========|_|==============|___/=/_/_/_/
2026-09-06T20:21:47.168980824Z [inf]  
2026-09-06T20:21:47.168983914Z [inf]   :: Spring Boot ::                (v3.5.3)
2026-09-06T20:21:47.168987454Z [inf]  
2026-09-06T20:21:47.223167877Z [inf]  2026-09-06T20:21:47.220Z  INFO 1 --- [bookly-backend] [           main] com.bookly.BooklyBackendApplication      : Starting BooklyBackendApplication v0.0.1-SNAPSHOT using Java 21.0.12 with PID 1 (/app/app.jar started by bookly in /app)
2026-09-06T20:21:47.223170487Z [inf]  2026-09-06T20:21:47.221Z  INFO 1 --- [bookly-backend] [           main] com.bookly.BooklyBackendApplication      : No active profile set, falling back to 1 default profile: "default"
2026-09-06T20:21:48.503813766Z [inf]  2026-09-06T20:21:48.480Z  INFO 1 --- [bookly-backend] [           main] .s.d.r.c.RepositoryConfigurationDelegate : Multiple Spring Data modules found, entering strict repository configuration mode
2026-09-06T20:21:48.503819536Z [inf]  2026-09-06T20:21:48.481Z  INFO 1 --- [bookly-backend] [           main] .s.d.r.c.RepositoryConfigurationDelegate : Bootstrapping Spring Data JPA repositories in DEFAULT mode.
2026-09-06T20:21:48.573410554Z [inf]  2026-09-06T20:21:48.571Z  INFO 1 --- [bookly-backend] [           main] .s.d.r.c.RepositoryConfigurationDelegate : Finished Spring Data repository scanning in 86 ms. Found 11 JPA repository interfaces.
2026-09-06T20:21:48.609718009Z [inf]  2026-09-06T20:21:48.596Z  INFO 1 --- [bookly-backend] [           main] .s.d.r.c.RepositoryConfigurationDelegate : Multiple Spring Data modules found, entering strict repository configuration mode
2026-09-06T20:21:48.609721189Z [inf]  2026-09-06T20:21:48.597Z  INFO 1 --- [bookly-backend] [           main] .s.d.r.c.RepositoryConfigurationDelegate : Bootstrapping Spring Data Redis repositories in DEFAULT mode.
2026-09-06T20:21:48.609724569Z [inf]  2026-09-06T20:21:48.604Z  INFO 1 --- [bookly-backend] [           main] .RepositoryConfigurationExtensionSupport : Spring Data Redis - Could not safely identify store assignment for repository candidate interface com.bookly.appointment.AppointmentRepository; If you want this repository to be a Redis repository, consider annotating your entities with one of these annotations: org.springframework.data.redis.core.RedisHash (preferred), or consider extending one of the following types with your repository: org.springframework.data.keyvalue.repository.KeyValueRepository
2026-09-06T20:21:48.609727919Z [inf]  2026-09-06T20:21:48.605Z  INFO 1 --- [bookly-backend] [           main] .RepositoryConfigurationExtensionSupport : Spring Data Redis - Could not safely identify store assignment for repository candidate interface com.bookly.appointment.AppointmentStatusChangeRepository; If you want this repository to be a Redis repository, consider annotating your entities with one of these annotations: org.springframework.data.redis.core.RedisHash (preferred), or consider extending one of the following types with your repository: org.springframework.data.keyvalue.repository.KeyValueRepository
2026-09-06T20:21:48.609730919Z [inf]  2026-09-06T20:21:48.605Z  INFO 1 --- [bookly-backend] [           main] .RepositoryConfigurationExtensionSupport : Spring Data Redis - Could not safely identify store assignment for repository candidate interface com.bookly.auth.RefreshTokenRepository; If you want this repository to be a Redis repository, consider annotating your entities with one of these annotations: org.springframework.data.redis.core.RedisHash (preferred), or consider extending one of the following types with your repository: org.springframework.data.keyvalue.repository.KeyValueRepository
2026-09-06T20:21:48.609946397Z [inf]  2026-09-06T20:21:48.605Z  INFO 1 --- [bookly-backend] [           main] .RepositoryConfigurationExtensionSupport : Spring Data Redis - Could not safely identify store assignment for repository candidate interface com.bookly.availability.BlockedTimeRepository; If you want this repository to be a Redis repository, consider annotating your entities with one of these annotations: org.springframework.data.redis.core.RedisHash (preferred), or consider extending one of the following types with your repository: org.springframework.data.keyvalue.repository.KeyValueRepository
2026-09-06T20:21:48.609951227Z [inf]  2026-09-06T20:21:48.605Z  INFO 1 --- [bookly-backend] [           main] .RepositoryConfigurationExtensionSupport : Spring Data Redis - Could not safely identify store assignment for repository candidate interface com.bookly.availability.WorkingHoursRepository; If you want this repository to be a Redis repository, consider annotating your entities with one of these annotations: org.springframework.data.redis.core.RedisHash (preferred), or consider extending one of the following types with your repository: org.springframework.data.keyvalue.repository.KeyValueRepository
2026-09-06T20:21:48.609958147Z [inf]  2026-09-06T20:21:48.605Z  INFO 1 --- [bookly-backend] [           main] .RepositoryConfigurationExtensionSupport : Spring Data Redis - Could not safely identify store assignment for repository candidate interface com.bookly.business.BusinessMemberRepository; If you want this repository to be a Redis repository, consider annotating your entities with one of these annotations: org.springframework.data.redis.core.RedisHash (preferred), or consider extending one of the following types with your repository: org.springframework.data.keyvalue.repository.KeyValueRepository
2026-09-06T20:21:48.609960687Z [inf]  2026-09-06T20:21:48.605Z  INFO 1 --- [bookly-backend] [           main] .RepositoryConfigurationExtensionSupport : Spring Data Redis - Could not safely identify store assignment for repository candidate interface com.bookly.business.BusinessRepository; If you want this repository to be a Redis repository, consider annotating your entities with one of these annotations: org.springframework.data.redis.core.RedisHash (preferred), or consider extending one of the following types with your repository: org.springframework.data.keyvalue.repository.KeyValueRepository
2026-09-06T20:21:48.610227276Z [inf]  2026-09-06T20:21:48.605Z  INFO 1 --- [bookly-backend] [           main] .RepositoryConfigurationExtensionSupport : Spring Data Redis - Could not safely identify store assignment for repository candidate interface com.bookly.customer.CustomerRepository; If you want this repository to be a Redis repository, consider annotating your entities with one of these annotations: org.springframework.data.redis.core.RedisHash (preferred), or consider extending one of the following types with your repository: org.springframework.data.keyvalue.repository.KeyValueRepository
2026-09-06T20:21:48.610231286Z [inf]  2026-09-06T20:21:48.605Z  INFO 1 --- [bookly-backend] [           main] .RepositoryConfigurationExtensionSupport : Spring Data Redis - Could not safely identify store assignment for repository candidate interface com.bookly.employee.EmployeeRepository; If you want this repository to be a Redis repository, consider annotating your entities with one of these annotations: org.springframework.data.redis.core.RedisHash (preferred), or consider extending one of the following types with your repository: org.springframework.data.keyvalue.repository.KeyValueRepository
2026-09-06T20:21:48.610234766Z [inf]  2026-09-06T20:21:48.605Z  INFO 1 --- [bookly-backend] [           main] .RepositoryConfigurationExtensionSupport : Spring Data Redis - Could not safely identify store assignment for repository candidate interface com.bookly.service.ServiceOfferingRepository; If you want this repository to be a Redis repository, consider annotating your entities with one of these annotations: org.springframework.data.redis.core.RedisHash (preferred), or consider extending one of the following types with your repository: org.springframework.data.keyvalue.repository.KeyValueRepository
2026-09-06T20:21:48.610238026Z [inf]  2026-09-06T20:21:48.605Z  INFO 1 --- [bookly-backend] [           main] .RepositoryConfigurationExtensionSupport : Spring Data Redis - Could not safely identify store assignment for repository candidate interface com.bookly.user.UserRepository; If you want this repository to be a Redis repository, consider annotating your entities with one of these annotations: org.springframework.data.redis.core.RedisHash (preferred), or consider extending one of the following types with your repository: org.springframework.data.keyvalue.repository.KeyValueRepository
2026-09-06T20:21:48.610371215Z [inf]  2026-09-06T20:21:48.605Z  INFO 1 --- [bookly-backend] [           main] .s.d.r.c.RepositoryConfigurationDelegate : Finished Spring Data repository scanning in 3 ms. Found 0 Redis repository interfaces.
2026-09-06T20:21:49.069502914Z [inf]  2026-09-06T20:21:49.003Z  INFO 1 --- [bookly-backend] [           main] o.s.b.w.embedded.tomcat.TomcatWebServer  : Tomcat initialized with port 8080 (http)
2026-09-06T20:21:49.069506124Z [inf]  2026-09-06T20:21:49.011Z  INFO 1 --- [bookly-backend] [           main] o.apache.catalina.core.StandardService   : Starting service [Tomcat]
2026-09-06T20:21:49.069508384Z [inf]  2026-09-06T20:21:49.011Z  INFO 1 --- [bookly-backend] [           main] o.apache.catalina.core.StandardEngine    : Starting Servlet engine: [Apache Tomcat/10.1.42]
2026-09-06T20:21:49.069510674Z [inf]  2026-09-06T20:21:49.030Z  INFO 1 --- [bookly-backend] [           main] o.a.c.c.C.[Tomcat].[localhost].[/]       : Initializing Spring embedded WebApplicationContext
2026-09-06T20:21:49.069513204Z [inf]  2026-09-06T20:21:49.031Z  INFO 1 --- [bookly-backend] [           main] w.s.c.ServletWebServerApplicationContext : Root WebApplicationContext: initialization completed in 1754 ms
2026-09-06T20:21:49.141283350Z [inf]  2026-09-06T20:21:49.117Z ERROR 1 --- [bookly-backend] [           main] o.s.b.web.embedded.tomcat.TomcatStarter  : Error starting Tomcat context. Exception: org.springframework.beans.factory.UnsatisfiedDependencyException. Message: Error creating bean with name 'rateLimitFilter' defined in URL [jar:nested:/app/app.jar/!BOOT-INF/classes/!/com/bookly/auth/RateLimitFilter.class]: Unsatisfied dependency expressed through constructor parameter 0: Error creating bean with name 'stringRedisTemplate' defined in class path resource [org/springframework/boot/autoconfigure/data/redis/RedisAutoConfiguration.class]: Unsatisfied dependency expressed through method 'stringRedisTemplate' parameter 0: Error creating bean with name 'org.springframework.boot.autoconfigure.data.redis.LettuceConnectionConfiguration': Unsatisfied dependency expressed through constructor parameter 0: Error creating bean with name 'spring.data.redis-org.springframework.boot.autoconfigure.data.redis.RedisProperties': Could not bind properties to 'RedisProperties' : prefix=spring.data.redis, ignoreInvalidFields=false, ignoreUnknownFields=true
2026-09-06T20:21:49.141288570Z [inf]  2026-09-06T20:21:49.130Z  INFO 1 --- [bookly-backend] [           main] o.apache.catalina.core.StandardService   : Stopping service [Tomcat]
2026-09-06T20:21:49.141292009Z [inf]  2026-09-06T20:21:49.135Z  WARN 1 --- [bookly-backend] [           main] ConfigServletWebServerApplicationContext : Exception encountered during context initialization - cancelling refresh attempt: org.springframework.context.ApplicationContextException: Unable to start web server
2026-09-06T20:21:49.150443803Z [inf]  2026-09-06T20:21:49.144Z  INFO 1 --- [bookly-backend] [           main] .s.b.a.l.ConditionEvaluationReportLogger : 
2026-09-06T20:21:49.150446503Z [inf]  
2026-09-06T20:21:49.150448973Z [inf]  Error starting ApplicationContext. To display the condition evaluation report re-run your application with 'debug' enabled.
2026-09-06T20:21:49.159941883Z [inf]  2026-09-06T20:21:49.158Z ERROR 1 --- [bookly-backend] [           main] o.s.b.d.LoggingFailureAnalysisReporter   : 
2026-09-06T20:21:49.159950683Z [inf]  
2026-09-06T20:21:49.159954993Z [inf]  ***************************
2026-09-06T20:21:49.159959173Z [inf]  APPLICATION FAILED TO START
2026-09-06T20:21:49.159963263Z [inf]  ***************************
2026-09-06T20:21:49.159967233Z [inf]  
2026-09-06T20:21:49.159972243Z [inf]  Description:
2026-09-06T20:21:49.159977083Z [inf]  
2026-09-06T20:21:49.159981603Z [inf]  Failed to bind properties under 'spring.data.redis.port' to int:
2026-09-06T20:21:49.159986563Z [inf]  
2026-09-06T20:21:49.159990273Z [inf]      Property: spring.data.redis.port
2026-09-06T20:21:49.159994463Z [inf]      Value: "${REDIS_PORT:6379}"
2026-09-06T20:21:49.159998833Z [inf]      Origin: class path resource [application.yml] from app.jar - 29:13
2026-09-06T20:21:49.160004252Z [inf]      Reason: failed to convert java.lang.String to int (caused by java.lang.IllegalArgumentException: A null value cannot be assigned to a primitive type)
2026-09-06T20:21:49.160009132Z [inf]  
2026-09-06T20:21:49.160014172Z [inf]  Action:
2026-09-06T20:21:49.160018692Z [inf]  
2026-09-06T20:21:49.160023502Z [inf]  Update your application's configuration
2026-09-06T20:21:49.160028212Z [inf]  
2026-09-06T20:21:50.271229997Z [inf]   :: Spring Boot ::                (v3.5.3)
2026-09-06T20:21:50.271236287Z [inf]  
2026-09-06T20:21:50.271266976Z [inf]    '  |____| .__|_| |_|_| |_\__, | / / / /
2026-09-06T20:21:50.271278596Z [inf]  
2026-09-06T20:21:50.271283076Z [inf]    .   ____          _            __ _ _
2026-09-06T20:21:50.271284906Z [inf]   =========|_|==============|___/=/_/_/_/
2026-09-06T20:21:50.271288126Z [inf]   /\\ / ___'_ __ _ _(_)_ __  __ _ \ \ \ \
2026-09-06T20:21:50.271294336Z [inf]  ( ( )\___ | '_ | '_| | '_ \/ _` | \ \ \ \
2026-09-06T20:21:50.271294936Z [inf]  
2026-09-06T20:21:50.271299466Z [inf]   \\/  ___)| |_)| | | | | || (_| |  ) ) ) )
2026-09-06T20:21:50.407470981Z [inf]  2026-09-06T20:21:50.353Z  INFO 1 --- [bookly-backend] [           main] com.bookly.BooklyBackendApplication      : Starting BooklyBackendApplication v0.0.1-SNAPSHOT using Java 21.0.12 with PID 1 (/app/app.jar started by bookly in /app)
2026-09-06T20:21:50.407473591Z [inf]  2026-09-06T20:21:50.355Z  INFO 1 --- [bookly-backend] [           main] com.bookly.BooklyBackendApplication      : No active profile set, falling back to 1 default profile: "default"
2026-09-06T20:21:51.505883826Z [inf]  2026-09-06T20:21:51.501Z  INFO 1 --- [bookly-backend] [           main] .s.d.r.c.RepositoryConfigurationDelegate : Multiple Spring Data modules found, entering strict repository configuration mode
2026-09-06T20:21:51.505888626Z [inf]  2026-09-06T20:21:51.502Z  INFO 1 --- [bookly-backend] [           main] .s.d.r.c.RepositoryConfigurationDelegate : Bootstrapping Spring Data JPA repositories in DEFAULT mode.
2026-09-06T20:21:51.641461985Z [inf]  2026-09-06T20:21:51.637Z  INFO 1 --- [bookly-backend] [           main] .s.d.r.c.RepositoryConfigurationDelegate : Finished Spring Data repository scanning in 125 ms. Found 11 JPA repository interfaces.
2026-09-06T20:21:51.650575668Z [inf]  2026-09-06T20:21:51.647Z  INFO 1 --- [bookly-backend] [           main] .s.d.r.c.RepositoryConfigurationDelegate : Multiple Spring Data modules found, entering strict repository configuration mode
2026-09-06T20:21:51.650581238Z [inf]  2026-09-06T20:21:51.648Z  INFO 1 --- [bookly-backend] [           main] .s.d.r.c.RepositoryConfigurationDelegate : Bootstrapping Spring Data Redis repositories in DEFAULT mode.
2026-09-06T20:21:51.674889228Z [inf]  2026-09-06T20:21:51.658Z  INFO 1 --- [bookly-backend] [           main] .RepositoryConfigurationExtensionSupport : Spring Data Redis - Could not safely identify store assignment for repository candidate interface com.bookly.appointment.AppointmentRepository; If you want this repository to be a Redis repository, consider annotating your entities with one of these annotations: org.springframework.data.redis.core.RedisHash (preferred), or consider extending one of the following types with your repository: org.springframework.data.keyvalue.repository.KeyValueRepository
2026-09-06T20:21:51.674892728Z [inf]  2026-09-06T20:21:51.658Z  INFO 1 --- [bookly-backend] [           main] .RepositoryConfigurationExtensionSupport : Spring Data Redis - Could not safely identify store assignment for repository candidate interface com.bookly.appointment.AppointmentStatusChangeRepository; If you want this repository to be a Redis repository, consider annotating your entities with one of these annotations: org.springframework.data.redis.core.RedisHash (preferred), or consider extending one of the following types with your repository: org.springframework.data.keyvalue.repository.KeyValueRepository
2026-09-06T20:21:51.674895538Z [inf]  2026-09-06T20:21:51.658Z  INFO 1 --- [bookly-backend] [           main] .RepositoryConfigurationExtensionSupport : Spring Data Redis - Could not safely identify store assignment for repository candidate interface com.bookly.auth.RefreshTokenRepository; If you want this repository to be a Redis repository, consider annotating your entities with one of these annotations: org.springframework.data.redis.core.RedisHash (preferred), or consider extending one of the following types with your repository: org.springframework.data.keyvalue.repository.KeyValueRepository
2026-09-06T20:21:51.674901978Z [inf]  2026-09-06T20:21:51.658Z  INFO 1 --- [bookly-backend] [           main] .RepositoryConfigurationExtensionSupport : Spring Data Redis - Could not safely identify store assignment for repository candidate interface com.bookly.availability.BlockedTimeRepository; If you want this repository to be a Redis repository, consider annotating your entities with one of these annotations: org.springframework.data.redis.core.RedisHash (preferred), or consider extending one of the following types with your repository: org.springframework.data.keyvalue.repository.KeyValueRepository
2026-09-06T20:21:51.675065087Z [inf]  2026-09-06T20:21:51.658Z  INFO 1 --- [bookly-backend] [           main] .RepositoryConfigurationExtensionSupport : Spring Data Redis - Could not safely identify store assignment for repository candidate interface com.bookly.availability.WorkingHoursRepository; If you want this repository to be a Redis repository, consider annotating your entities with one of these annotations: org.springframework.data.redis.core.RedisHash (preferred), or consider extending one of the following types with your repository: org.springframework.data.keyvalue.repository.KeyValueRepository
2026-09-06T20:21:51.675068967Z [inf]  2026-09-06T20:21:51.658Z  INFO 1 --- [bookly-backend] [           main] .RepositoryConfigurationExtensionSupport : Spring Data Redis - Could not safely identify store assignment for repository candidate interface com.bookly.business.BusinessMemberRepository; If you want this repository to be a Redis repository, consider annotating your entities with one of these annotations: org.springframework.data.redis.core.RedisHash (preferred), or consider extending one of the following types with your repository: org.springframework.data.keyvalue.repository.KeyValueRepository
2026-09-06T20:21:51.675072457Z [inf]  2026-09-06T20:21:51.658Z  INFO 1 --- [bookly-backend] [           main] .RepositoryConfigurationExtensionSupport : Spring Data Redis - Could not safely identify store assignment for repository candidate interface com.bookly.business.BusinessRepository; If you want this repository to be a Redis repository, consider annotating your entities with one of these annotations: org.springframework.data.redis.core.RedisHash (preferred), or consider extending one of the following types with your repository: org.springframework.data.keyvalue.repository.KeyValueRepository
2026-09-06T20:21:51.675075737Z [inf]  2026-09-06T20:21:51.658Z  INFO 1 --- [bookly-backend] [           main] .RepositoryConfigurationExtensionSupport : Spring Data Redis - Could not safely identify store assignment for repository candidate interface com.bookly.customer.CustomerRepository; If you want this repository to be a Redis repository, consider annotating your entities with one of these annotations: org.springframework.data.redis.core.RedisHash (preferred), or consider extending one of the following types with your repository: org.springframework.data.keyvalue.repository.KeyValueRepository
2026-09-06T20:21:51.675737133Z [inf]  2026-09-06T20:21:51.658Z  INFO 1 --- [bookly-backend] [           main] .RepositoryConfigurationExtensionSupport : Spring Data Redis - Could not safely identify store assignment for repository candidate interface com.bookly.employee.EmployeeRepository; If you want this repository to be a Redis repository, consider annotating your entities with one of these annotations: org.springframework.data.redis.core.RedisHash (preferred), or consider extending one of the following types with your repository: org.springframework.data.keyvalue.repository.KeyValueRepository
2026-09-06T20:21:51.675741763Z [inf]  2026-09-06T20:21:51.658Z  INFO 1 --- [bookly-backend] [           main] .RepositoryConfigurationExtensionSupport : Spring Data Redis - Could not safely identify store assignment for repository candidate interface com.bookly.service.ServiceOfferingRepository; If you want this repository to be a Redis repository, consider annotating your entities with one of these annotations: org.springframework.data.redis.core.RedisHash (preferred), or consider extending one of the following types with your repository: org.springframework.data.keyvalue.repository.KeyValueRepository
2026-09-06T20:21:51.675744693Z [inf]  2026-09-06T20:21:51.658Z  INFO 1 --- [bookly-backend] [           main] .RepositoryConfigurationExtensionSupport : Spring Data Redis - Could not safely identify store assignment for repository candidate interface com.bookly.user.UserRepository; If you want this repository to be a Redis repository, consider annotating your entities with one of these annotations: org.springframework.data.redis.core.RedisHash (preferred), or consider extending one of the following types with your repository: org.springframework.data.keyvalue.repository.KeyValueRepository
2026-09-06T20:21:51.675747733Z [inf]  2026-09-06T20:21:51.659Z  INFO 1 --- [bookly-backend] [           main] .s.d.r.c.RepositoryConfigurationDelegate : Finished Spring Data repository scanning in 5 ms. Found 0 Redis repository interfaces.
2026-09-06T20:21:52.062089565Z [inf]  2026-09-06T20:21:52.057Z  INFO 1 --- [bookly-backend] [           main] o.s.b.w.embedded.tomcat.TomcatWebServer  : Tomcat initialized with port 8080 (http)
2026-09-06T20:21:52.070315495Z [inf]  2026-09-06T20:21:52.069Z  INFO 1 --- [bookly-backend] [           main] o.apache.catalina.core.StandardService   : Starting service [Tomcat]
2026-09-06T20:21:52.070323715Z [inf]  2026-09-06T20:21:52.069Z  INFO 1 --- [bookly-backend] [           main] o.apache.catalina.core.StandardEngine    : Starting Servlet engine: [Apache Tomcat/10.1.42]
2026-09-06T20:21:52.092897335Z [inf]  2026-09-06T20:21:52.091Z  INFO 1 --- [bookly-backend] [           main] o.a.c.c.C.[Tomcat].[localhost].[/]       : Initializing Spring embedded WebApplicationContext
2026-09-06T20:21:52.092901965Z [inf]  2026-09-06T20:21:52.092Z  INFO 1 --- [bookly-backend] [           main] w.s.c.ServletWebServerApplicationContext : Root WebApplicationContext: initialization completed in 1707 ms
2026-09-06T20:21:52.191786862Z [inf]  2026-09-06T20:21:52.178Z ERROR 1 --- [bookly-backend] [           main] o.s.b.web.embedded.tomcat.TomcatStarter  : Error starting Tomcat context. Exception: org.springframework.beans.factory.UnsatisfiedDependencyException. Message: Error creating bean with name 'rateLimitFilter' defined in URL [jar:nested:/app/app.jar/!BOOT-INF/classes/!/com/bookly/auth/RateLimitFilter.class]: Unsatisfied dependency expressed through constructor parameter 0: Error creating bean with name 'stringRedisTemplate' defined in class path resource [org/springframework/boot/autoconfigure/data/redis/RedisAutoConfiguration.class]: Unsatisfied dependency expressed through method 'stringRedisTemplate' parameter 0: Error creating bean with name 'org.springframework.boot.autoconfigure.data.redis.LettuceConnectionConfiguration': Unsatisfied dependency expressed through constructor parameter 0: Error creating bean with name 'spring.data.redis-org.springframework.boot.autoconfigure.data.redis.RedisProperties': Could not bind properties to 'RedisProperties' : prefix=spring.data.redis, ignoreInvalidFields=false, ignoreUnknownFields=true
2026-09-06T20:21:52.191797462Z [inf]  2026-09-06T20:21:52.190Z  INFO 1 --- [bookly-backend] [           main] o.apache.catalina.core.StandardService   : Stopping service [Tomcat]
2026-09-06T20:21:52.201249624Z [inf]  2026-09-06T20:21:52.196Z  WARN 1 --- [bookly-backend] [           main] ConfigServletWebServerApplicationContext : Exception encountered during context initialization - cancelling refresh attempt: org.springframework.context.ApplicationContextException: Unable to start web server
2026-09-06T20:21:52.220613862Z [inf]  2026-09-06T20:21:52.217Z  INFO 1 --- [bookly-backend] [           main] .s.b.a.l.ConditionEvaluationReportLogger : 
2026-09-06T20:21:52.220616852Z [inf]  
2026-09-06T20:21:52.220619222Z [inf]  Error starting ApplicationContext. To display the condition evaluation report re-run your application with 'debug' enabled.
2026-09-06T20:21:52.240870257Z [inf]  2026-09-06T20:21:52.231Z ERROR 1 --- [bookly-backend] [           main] o.s.b.d.LoggingFailureAnalysisReporter   : 
2026-09-06T20:21:52.240878716Z [inf]  
2026-09-06T20:21:52.240885056Z [inf]  ***************************
2026-09-06T20:21:52.240889446Z [inf]  APPLICATION FAILED TO START
2026-09-06T20:21:52.240897946Z [inf]  ***************************
2026-09-06T20:21:52.240901677Z [inf]  
2026-09-06T20:21:52.240905497Z [inf]  Description:
2026-09-06T20:21:52.240909697Z [inf]  
2026-09-06T20:21:52.240913027Z [inf]  Failed to bind properties under 'spring.data.redis.port' to int:
2026-09-06T20:21:52.240917697Z [inf]  
2026-09-06T20:21:52.240921027Z [inf]      Property: spring.data.redis.port
2026-09-06T20:21:52.240924507Z [inf]      Value: "${REDIS_PORT:6379}"
2026-09-06T20:21:52.240927467Z [inf]      Origin: class path resource [application.yml] from app.jar - 29:13
2026-09-06T20:21:52.240930567Z [inf]      Reason: failed to convert java.lang.String to int (caused by java.lang.IllegalArgumentException: A null value cannot be assigned to a primitive type)
2026-09-06T20:21:52.240933777Z [inf]  
2026-09-06T20:21:52.240937087Z [inf]  Action:
2026-09-06T20:21:52.240940377Z [inf]  
2026-09-06T20:21:52.240943947Z [inf]  Update your application's configuration
2026-09-06T20:21:52.240947047Z [inf]  
2026-09-06T20:21:53.273904131Z [inf]  
2026-09-06T20:21:53.273912661Z [inf]    .   ____          _            __ _ _
2026-09-06T20:21:53.273916991Z [inf]   /\\ / ___'_ __ _ _(_)_ __  __ _ \ \ \ \
2026-09-06T20:21:53.273920661Z [inf]  ( ( )\___ | '_ | '_| | '_ \/ _` | \ \ \ \
2026-09-06T20:21:53.273924511Z [inf]   \\/  ___)| |_)| | | | | || (_| |  ) ) ) )
2026-09-06T20:21:53.273930581Z [inf]    '  |____| .__|_| |_|_| |_\__, | / / / /
2026-09-06T20:21:53.273934691Z [inf]   =========|_|==============|___/=/_/_/_/
2026-09-06T20:21:53.273938991Z [inf]  
2026-09-06T20:21:53.273942361Z [inf]   :: Spring Boot ::                (v3.5.3)
2026-09-06T20:21:53.273946101Z [inf]  
2026-09-06T20:21:53.347566594Z [inf]  2026-09-06T20:21:53.340Z  INFO 1 --- [bookly-backend] [           main] com.bookly.BooklyBackendApplication      : Starting BooklyBackendApplication v0.0.1-SNAPSHOT using Java 21.0.12 with PID 1 (/app/app.jar started by bookly in /app)
2026-09-06T20:21:53.347568954Z [inf]  2026-09-06T20:21:53.342Z  INFO 1 --- [bookly-backend] [           main] com.bookly.BooklyBackendApplication      : No active profile set, falling back to 1 default profile: "default"
2026-09-06T20:21:54.606586598Z [inf]  2026-09-06T20:21:54.592Z  INFO 1 --- [bookly-backend] [           main] .s.d.r.c.RepositoryConfigurationDelegate : Multiple Spring Data modules found, entering strict repository configuration mode
2026-09-06T20:21:54.606590848Z [inf]  2026-09-06T20:21:54.593Z  INFO 1 --- [bookly-backend] [           main] .s.d.r.c.RepositoryConfigurationDelegate : Bootstrapping Spring Data JPA repositories in DEFAULT mode.
2026-09-06T20:21:54.764069162Z [inf]  2026-09-06T20:21:54.736Z  INFO 1 --- [bookly-backend] [           main] .s.d.r.c.RepositoryConfigurationDelegate : Finished Spring Data repository scanning in 137 ms. Found 11 JPA repository interfaces.
2026-09-06T20:21:54.764082302Z [inf]  2026-09-06T20:21:54.747Z  INFO 1 --- [bookly-backend] [           main] .s.d.r.c.RepositoryConfigurationDelegate : Multiple Spring Data modules found, entering strict repository configuration mode
2026-09-06T20:21:54.764087042Z [inf]  2026-09-06T20:21:54.748Z  INFO 1 --- [bookly-backend] [           main] .s.d.r.c.RepositoryConfigurationDelegate : Bootstrapping Spring Data Redis repositories in DEFAULT mode.
2026-09-06T20:21:54.764090852Z [inf]  2026-09-06T20:21:54.756Z  INFO 1 --- [bookly-backend] [           main] .RepositoryConfigurationExtensionSupport : Spring Data Redis - Could not safely identify store assignment for repository candidate interface com.bookly.appointment.AppointmentRepository; If you want this repository to be a Redis repository, consider annotating your entities with one of these annotations: org.springframework.data.redis.core.RedisHash (preferred), or consider extending one of the following types with your repository: org.springframework.data.keyvalue.repository.KeyValueRepository
2026-09-06T20:21:54.764093762Z [inf]  2026-09-06T20:21:54.756Z  INFO 1 --- [bookly-backend] [           main] .RepositoryConfigurationExtensionSupport : Spring Data Redis - Could not safely identify store assignment for repository candidate interface com.bookly.appointment.AppointmentStatusChangeRepository; If you want this repository to be a Redis repository, consider annotating your entities with one of these annotations: org.springframework.data.redis.core.RedisHash (preferred), or consider extending one of the following types with your repository: org.springframework.data.keyvalue.repository.KeyValueRepository
2026-09-06T20:21:54.764097292Z [inf]  2026-09-06T20:21:54.757Z  INFO 1 --- [bookly-backend] [           main] .RepositoryConfigurationExtensionSupport : Spring Data Redis - Could not safely identify store assignment for repository candidate interface com.bookly.auth.RefreshTokenRepository; If you want this repository to be a Redis repository, consider annotating your entities with one of these annotations: org.springframework.data.redis.core.RedisHash (preferred), or consider extending one of the following types with your repository: org.springframework.data.keyvalue.repository.KeyValueRepository
2026-09-06T20:21:54.764294200Z [inf]  2026-09-06T20:21:54.757Z  INFO 1 --- [bookly-backend] [           main] .RepositoryConfigurationExtensionSupport : Spring Data Redis - Could not safely identify store assignment for repository candidate interface com.bookly.availability.BlockedTimeRepository; If you want this repository to be a Redis repository, consider annotating your entities with one of these annotations: org.springframework.data.redis.core.RedisHash (preferred), or consider extending one of the following types with your repository: org.springframework.data.keyvalue.repository.KeyValueRepository
2026-09-06T20:21:54.764298540Z [inf]  2026-09-06T20:21:54.757Z  INFO 1 --- [bookly-backend] [           main] .RepositoryConfigurationExtensionSupport : Spring Data Redis - Could not safely identify store assignment for repository candidate interface com.bookly.availability.WorkingHoursRepository; If you want this repository to be a Redis repository, consider annotating your entities with one of these annotations: org.springframework.data.redis.core.RedisHash (preferred), or consider extending one of the following types with your repository: org.springframework.data.keyvalue.repository.KeyValueRepository
2026-09-06T20:21:54.764301670Z [inf]  2026-09-06T20:21:54.757Z  INFO 1 --- [bookly-backend] [           main] .RepositoryConfigurationExtensionSupport : Spring Data Redis - Could not safely identify store assignment for repository candidate interface com.bookly.business.BusinessMemberRepository; If you want this repository to be a Redis repository, consider annotating your entities with one of these annotations: org.springframework.data.redis.core.RedisHash (preferred), or consider extending one of the following types with your repository: org.springframework.data.keyvalue.repository.KeyValueRepository
2026-09-06T20:21:54.764304500Z [inf]  2026-09-06T20:21:54.757Z  INFO 1 --- [bookly-backend] [           main] .RepositoryConfigurationExtensionSupport : Spring Data Redis - Could not safely identify store assignment for repository candidate interface com.bookly.business.BusinessRepository; If you want this repository to be a Redis repository, consider annotating your entities with one of these annotations: org.springframework.data.redis.core.RedisHash (preferred), or consider extending one of the following types with your repository: org.springframework.data.keyvalue.repository.KeyValueRepository
2026-09-06T20:21:54.764609949Z [inf]  2026-09-06T20:21:54.757Z  INFO 1 --- [bookly-backend] [           main] .RepositoryConfigurationExtensionSupport : Spring Data Redis - Could not safely identify store assignment for repository candidate interface com.bookly.customer.CustomerRepository; If you want this repository to be a Redis repository, consider annotating your entities with one of these annotations: org.springframework.data.redis.core.RedisHash (preferred), or consider extending one of the following types with your repository: org.springframework.data.keyvalue.repository.KeyValueRepository
2026-09-06T20:21:54.764612709Z [inf]  2026-09-06T20:21:54.757Z  INFO 1 --- [bookly-backend] [           main] .RepositoryConfigurationExtensionSupport : Spring Data Redis - Could not safely identify store assignment for repository candidate interface com.bookly.employee.EmployeeRepository; If you want this repository to be a Redis repository, consider annotating your entities with one of these annotations: org.springframework.data.redis.core.RedisHash (preferred), or consider extending one of the following types with your repository: org.springframework.data.keyvalue.repository.KeyValueRepository
2026-09-06T20:21:54.764616389Z [inf]  2026-09-06T20:21:54.757Z  INFO 1 --- [bookly-backend] [           main] .RepositoryConfigurationExtensionSupport : Spring Data Redis - Could not safely identify store assignment for repository candidate interface com.bookly.service.ServiceOfferingRepository; If you want this repository to be a Redis repository, consider annotating your entities with one of these annotations: org.springframework.data.redis.core.RedisHash (preferred), or consider extending one of the following types with your repository: org.springframework.data.keyvalue.repository.KeyValueRepository
2026-09-06T20:21:54.764618839Z [inf]  2026-09-06T20:21:54.757Z  INFO 1 --- [bookly-backend] [           main] .RepositoryConfigurationExtensionSupport : Spring Data Redis - Could not safely identify store assignment for repository candidate interface com.bookly.user.UserRepository; If you want this repository to be a Redis repository, consider annotating your entities with one of these annotations: org.springframework.data.redis.core.RedisHash (preferred), or consider extending one of the following types with your repository: org.springframework.data.keyvalue.repository.KeyValueRepository
2026-09-06T20:21:54.764883267Z [inf]  2026-09-06T20:21:54.757Z  INFO 1 --- [bookly-backend] [           main] .s.d.r.c.RepositoryConfigurationDelegate : Finished Spring Data repository scanning in 3 ms. Found 0 Redis repository interfaces.
2026-09-06T20:21:55.146029014Z [inf]  2026-09-06T20:21:55.136Z  INFO 1 --- [bookly-backend] [           main] o.s.b.w.embedded.tomcat.TomcatWebServer  : Tomcat initialized with port 8080 (http)
2026-09-06T20:21:55.146032203Z [inf]  2026-09-06T20:21:55.143Z  INFO 1 --- [bookly-backend] [           main] o.apache.catalina.core.StandardService   : Starting service [Tomcat]
2026-09-06T20:21:55.146035133Z [inf]  2026-09-06T20:21:55.143Z  INFO 1 --- [bookly-backend] [           main] o.apache.catalina.core.StandardEngine    : Starting Servlet engine: [Apache Tomcat/10.1.42]
2026-09-06T20:21:55.165795102Z [inf]  2026-09-06T20:21:55.158Z  INFO 1 --- [bookly-backend] [           main] o.a.c.c.C.[Tomcat].[localhost].[/]       : Initializing Spring embedded WebApplicationContext
2026-09-06T20:21:55.165798292Z [inf]  2026-09-06T20:21:55.159Z  INFO 1 --- [bookly-backend] [           main] w.s.c.ServletWebServerApplicationContext : Root WebApplicationContext: initialization completed in 1770 ms
2026-09-06T20:21:55.257097455Z [inf]  2026-09-06T20:21:55.254Z ERROR 1 --- [bookly-backend] [           main] o.s.b.web.embedded.tomcat.TomcatStarter  : Error starting Tomcat context. Exception: org.springframework.beans.factory.UnsatisfiedDependencyException. Message: Error creating bean with name 'rateLimitFilter' defined in URL [jar:nested:/app/app.jar/!BOOT-INF/classes/!/com/bookly/auth/RateLimitFilter.class]: Unsatisfied dependency expressed through constructor parameter 0: Error creating bean with name 'stringRedisTemplate' defined in class path resource [org/springframework/boot/autoconfigure/data/redis/RedisAutoConfiguration.class]: Unsatisfied dependency expressed through method 'stringRedisTemplate' parameter 0: Error creating bean with name 'org.springframework.boot.autoconfigure.data.redis.LettuceConnectionConfiguration': Unsatisfied dependency expressed through constructor parameter 0: Error creating bean with name 'spring.data.redis-org.springframework.boot.autoconfigure.data.redis.RedisProperties': Could not bind properties to 'RedisProperties' : prefix=spring.data.redis, ignoreInvalidFields=false, ignoreUnknownFields=true
2026-09-06T20:21:55.276201498Z [inf]  2026-09-06T20:21:55.268Z  INFO 1 --- [bookly-backend] [           main] o.apache.catalina.core.StandardService   : Stopping service [Tomcat]
2026-09-06T20:21:55.276206248Z [inf]  2026-09-06T20:21:55.273Z  WARN 1 --- [bookly-backend] [           main] ConfigServletWebServerApplicationContext : Exception encountered during context initialization - cancelling refresh attempt: org.springframework.context.ApplicationContextException: Unable to start web server
2026-09-06T20:21:55.285624899Z [inf]  2026-09-06T20:21:55.283Z  INFO 1 --- [bookly-backend] [           main] .s.b.a.l.ConditionEvaluationReportLogger : 
2026-09-06T20:21:55.285634829Z [inf]  
2026-09-06T20:21:55.285638839Z [inf]  Error starting ApplicationContext. To display the condition evaluation report re-run your application with 'debug' enabled.
2026-09-06T20:21:55.307146875Z [inf]  
2026-09-06T20:21:55.307146925Z [inf]  
2026-09-06T20:21:55.307153515Z [inf]  Failed to bind properties under 'spring.data.redis.port' to int:
2026-09-06T20:21:55.307155695Z [inf]  Action:
2026-09-06T20:21:55.307158065Z [inf]  
2026-09-06T20:21:55.307160585Z [inf]  
2026-09-06T20:21:55.307161215Z [inf]      Property: spring.data.redis.port
2026-09-06T20:21:55.307164315Z [inf]  Update your application's configuration
2026-09-06T20:21:55.307167085Z [inf]      Value: "${REDIS_PORT:6379}"
2026-09-06T20:21:55.307169375Z [inf]  
2026-09-06T20:21:55.307171035Z [inf]      Origin: class path resource [application.yml] from app.jar - 29:13
2026-09-06T20:21:55.307177545Z [inf]      Reason: failed to convert java.lang.String to int (caused by java.lang.IllegalArgumentException: A null value cannot be assigned to a primitive type)
2026-09-06T20:21:55.307183695Z [inf]  2026-09-06T20:21:55.294Z ERROR 1 --- [bookly-backend] [           main] o.s.b.d.LoggingFailureAnalysisReporter   : 
2026-09-06T20:21:55.307187515Z [inf]  
2026-09-06T20:21:55.307191075Z [inf]  ***************************
2026-09-06T20:21:55.307196725Z [inf]  APPLICATION FAILED TO START
2026-09-06T20:21:55.307199835Z [inf]  ***************************
2026-09-06T20:21:55.307202725Z [inf]  
2026-09-06T20:21:55.307205805Z [inf]  Description: